Linja;Reitti;Päivät;Lähdöt
1;Päätepysäkiltä Pirkkahalli (2554);ma-pe;4:30;5:05;5:25;5:45;6:05;6:25;6:45;7:05;7:25;7:45;8:05;8:25;8:45;9:05;9:25;9:45;10:05;10:25;10:45;11:05;11:25;11:45;12:05;12:25;12:45;13:05;13:25;13:45;14:05;14:25;14:45;15:05;15:25;15:45;16:05;16:25;16:45;17:05;17:25;17:45;18:05;18:25;18:50;19:20;19:50;20:20;20:50;21:20;21:50;22:20;22:45;23:45;0:45;1:45;
1;Päätepysäkiltä Pirkkahalli (2554);la;5:05;6:05;6:50;7:20;7:50;8:20;8:50;9:05;9:25;9:45;10:05;10:25;10:45;11:05;11:25;11:45;12:05;12:25;12:45;13:05;13:25;13:45;14:05;14:25;14:45;15:05;15:25;15:45;16:05;16:25;16:45;17:05;17:25;17:45;18:05;18:25;18:50;19:20;19:50;20:20;20:50;21:20;21:50;22:20;22:45;23:45;0:45;1:45;
1;Päätepysäkiltä Pirkkahalli (2554);su;5:05;6:05;7:05;8:05;8:50;9:20;9:50;10:20;10:50;11:20;11:50;12:20;12:50;13:20;13:50;14:20;14:50;15:20;15:50;16:20;16:50;17:20;17:50;18:20;18:50;19:20;19:50;20:20;20:50;21:20;21:50;22:20;22:45;23:45;
1;Väliasemalta Keskustori C (35) suuntaan Kalkku;ma-pe;3:50;5:25;5:45;6:05;6:25;6:45;7:05;7:27;7:47;8:07;8:27;8:47;9:07;9:27;9:47;10:07;10:27;10:47;11:07;11:27;11:47;12:07;12:27;12:47;13:07;13:27;13:47;14:07;14:27;14:47;15:07;15:27;15:47;16:07;16:27;16:47;17:07;17:27;17:47;18:07;18:27;18:47;19:12;19:40;20:10;20:40;21:10;21:40;22:10;22:40;23:10;0:10;1:10;2:10;
1;Väliasemalta Keskustori C (35) suuntaan Kalkku;la;3:30;4:30;7:10;7:40;8:10;8:40;9:10;9:27;9:47;10:07;10:27;10:47;11:07;11:27;11:47;12:07;12:27;12:47;13:07;13:27;13:47;14:07;14:27;14:47;15:07;15:27;15:47;16:07;16:27;16:47;17:07;17:27;17:47;18:05;18:25;18:45;19:10;19:40;20:10;20:40;21:10;21:40;22:10;22:40;23:10;0:10;1:10;2:10;
1;Väliasemalta Keskustori C (35) suuntaan Kalkku;su;3:30;4:30;7:30;8:30;9:10;9:40;10:10;10:40;11:10;11:40;12:10;12:40;13:10;13:40;14:10;14:40;15:10;15:40;16:10;16:40;17:10;17:40;18:10;18:40;19:10;19:40;20:10;20:40;21:10;21:40;22:10;22:40;23:10;0:10;
1;Päätepysäkiltä Kalkku (1592);ma-pe;4:20;5:05;5:25;5:45;6:05;6:25;6:45;7:05;7:25;7:45;8:05;8:25;8:45;9:05;9:25;9:45;10:05;10:25;10:45;11:05;11:25;11:45;12:05;12:25;12:45;13:05;13:25;13:45;14:05;14:25;14:45;15:05;15:25;15:45;16:05;16:25;16:45;17:05;17:25;17:45;18:05;18:25;18:50;19:20;19:50;20:20;20:50;21:20;21:50;22:20;22:50;23:40;0:40;1:40;
1;Päätepysäkiltä Kalkku (1592);la;4:00;5:00;5:50;6:20;6:50;7:20;7:50;8:20;8:50;9:05;9:25;9:45;10:05;10:25;10:45;11:05;11:25;11:45;12:05;12:25;12:45;13:05;13:25;13:45;14:05;14:25;14:45;15:05;15:25;15:45;16:05;16:25;16:45;17:05;17:25;17:45;18:05;18:25;18:50;19:20;19:50;20:20;20:50;21:20;21:50;22:20;22:50;23:40;0:40;1:40;
1;Päätepysäkiltä Kalkku (1592);su;4:00;5:00;6:00;7:00;8:00;8:55;9:20;9:50;10:20;10:50;11:20;11:50;12:20;12:50;13:20;13:50;14:20;14:50;15:20;15:50;16:20;16:50;17:20;17:50;18:20;18:50;19:20;19:50;20:20;20:50;21:20;21:50;22:20;22:50;23:40;0:40;
1;Väliasemalta Keskustori H (12) suuntaan Pirkkahalli;ma-pe;4:45;5:30;5:50;6:10;6:30;6:50;7:10;7:32;7:52;8:12;8:32;8:52;9:12;9:32;9:52;10:12;10:32;10:52;11:12;11:32;11:52;12:12;12:32;12:52;13:12;13:32;13:52;14:12;14:32;14:52;15:12;15:32;15:52;16:12;16:32;16:52;17:12;17:32;17:52;18:12;18:32;18:52;19:17;19:45;20:15;20:45;21:15;21:45;22:15;22:45;23:15;0:10;1:10;2:10;
1;Väliasemalta Keskustori H (12) suuntaan Pirkkahalli;la;3:40;5:30;6:15;6:45;7:15;7:45;8:15;8:45;9:15;9:32;9:52;10:12;10:32;10:52;11:12;11:32;11:52;12:12;12:32;12:52;13:12;13:32;13:52;14:12;14:32;14:52;15:12;15:32;15:52;16:12;16:32;16:52;17:12;17:32;17:52;18:10;18:30;18:50;19:15;19:45;20:15;20:45;21:15;21:45;22:15;22:45;23:15;0:10;1:10;2:10;
1;Väliasemalta Keskustori H (12) suuntaan Pirkkahalli;su;3:40;5:30;6:30;7:30;8:30;9:20;9:45;10:15;10:45;11:15;11:45;12:15;12:45;13:15;13:45;14:15;14:45;15:15;15:45;16:15;16:45;17:15;17:45;18:15;18:45;19:15;19:45;20:15;20:45;21:15;21:45;22:15;22:45;23:15;0:10;
2;Päätepysäkiltä Rauhaniemi (5021);ma-pe;5:10;5:30;5:50;6:10;6:30;6:50;7:05;7:20;7:35;7:50;8:05;8:20;8:35;8:50;9:05;9:20;9:35;9:50;10:05;10:20;10:35;10:50;11:05;11:20;11:35;11:50;12:05;12:20;12:35;12:50;13:05;13:20;13:35;13:50;14:05;14:20;14:35;14:50;15:05;15:20;15:35;15:50;16:05;16:20;16:35;16:50;17:05;17:20;17:35;17:50;18:10;18:30;18:50;19:10;19:30;19:50;20:10;20:30;20:50;21:05;21:35;22:05;
2;Päätepysäkiltä Rauhaniemi (5021);la;6:10;6:30;6:50;7:10;7:30;7:50;8:10;8:30;8:50;9:10;9:30;9:50;10:10;10:30;10:50;11:10;11:30;11:50;12:10;12:30;12:50;13:10;13:30;13:50;14:10;14:30;14:50;15:10;15:30;15:50;16:10;16:30;16:50;17:10;17:30;17:50;18:10;18:30;18:50;19:10;19:30;19:50;20:10;20:30;20:50;21:05;21:35;22:05;22:50;
2;Päätepysäkiltä Rauhaniemi (5021);su;7:10;8:10;9:10;9:30;9:50;10:10;10:30;10:50;11:10;11:30;11:50;12:10;12:30;12:50;13:10;13:30;13:50;14:10;14:30;14:50;15:10;15:30;15:50;16:10;16:30;16:50;17:10;17:30;17:50;18:10;18:30;18:50;19:10;19:30;19:50;20:10;20:30;20:50;21:05;21:35;22:05;
2;Väliasemalta Keskustori C (35) suuntaan Pyynikintori;ma-pe;5:21;5:41;6:01;6:21;6:41;7:01;7:18;7:33;7:48;8:03;8:18;8:33;8:48;9:03;9:18;9:33;9:48;10:03;10:18;10:33;10:48;11:03;11:18;11:33;11:48;12:03;12:18;12:33;12:48;13:03;13:18;13:33;13:48;14:03;14:18;14:33;14:48;15:03;15:18;15:33;15:48;16:03;16:18;16:33;16:48;17:03;17:18;17:33;17:48;18:03;18:23;18:43;19:03;19:21;19:41;20:01;20:21;20:41;21:01;21:16;21:46;22:19;
2;Väliasemalta Keskustori C (35) suuntaan Pyynikintori;la;6:21;6:41;7:01;7:21;7:41;8:01;8:21;8:41;9:01;9:23;9:43;10:03;10:23;10:43;11:03;11:23;11:43;12:03;12:23;12:43;13:03;13:23;13:43;14:03;14:23;14:43;15:03;15:23;15:43;16:03;16:23;16:43;17:03;17:21;17:41;18:01;18:21;18:41;19:01;19:21;19:41;20:01;20:21;20:41;21:01;21:16;21:46;22:19;23:01;
2;Väliasemalta Keskustori C (35) suuntaan Pyynikintori;su;7:21;8:21;9:21;9:41;10:01;10:21;10:41;11:01;11:21;11:41;12:01;12:21;12:41;13:01;13:21;13:41;14:01;14:21;14:41;15:01;15:21;15:41;16:01;16:21;16:41;17:01;17:21;17:41;18:01;18:21;18:41;19:01;19:21;19:41;20:01;20:21;20:41;21:01;21:16;21:46;22:19;
2;Päätepysäkiltä Pyynikintori (31);ma-pe;5:30;5:50;6:10;6:30;6:45;7:00;7:15;7:30;7:45;8:00;8:15;8:30;8:45;9:00;9:15;9:30;9:45;10:00;10:15;10:30;10:45;11:00;11:15;11:30;11:45;12:00;12:15;12:30;12:45;13:00;13:15;13:30;13:45;14:00;14:15;14:30;14:45;15:00;15:15;15:30;15:45;16:00;16:15;16:30;16:45;17:00;17:15;17:30;17:45;18:00;18:15;18:30;18:50;19:10;19:30;19:50;20:10;20:30;20:50;21:10;21:30;21:50;22:30;
2;Päätepysäkiltä Pyynikintori (31);la;6:10;6:30;6:50;7:10;7:30;7:50;8:10;8:30;8:50;9:10;9:30;9:50;10:10;10:30;10:50;11:10;11:30;11:50;12:10;12:30;12:50;13:10;13:30;13:50;14:10;14:30;14:50;15:10;15:30;15:50;16:10;16:30;16:50;17:10;17:30;17:50;18:10;18:30;18:50;19:10;19:30;19:50;20:10;20:30;20:50;21:10;21:30;21:50;22:30;23:10;
2;Päätepysäkiltä Pyynikintori (31);su;6:30;7:30;8:30;9:30;9:50;10:10;10:30;10:50;11:10;11:30;11:50;12:10;12:30;12:50;13:10;13:30;13:50;14:10;14:30;14:50;15:10;15:30;15:50;16:10;16:30;16:50;17:10;17:30;17:50;18:10;18:30;18:50;19:10;19:30;19:50;20:10;20:30;20:50;21:10;21:30;21:50;22:30;
2;Väliasemalta Keskustori F (10) suuntaan Rauhaniemi;ma-pe;5:35;5:55;6:15;6:35;6:50;7:05;7:20;7:35;7:50;8:05;8:20;8:35;8:50;9:05;9:20;9:35;9:50;10:05;10:20;10:35;10:50;11:05;11:20;11:35;11:50;12:05;12:20;12:35;12:50;13:05;13:20;13:35;13:50;14:05;14:20;14:35;14:50;15:05;15:20;15:35;15:50;16:05;16:20;16:35;16:50;17:05;17:20;17:35;17:50;18:05;18:20;18:35;18:55;19:15;19:35;19:55;20:15;20:35;20:55;21:15;21:35;21:55;22:35;
2;Väliasemalta Keskustori F (10) suuntaan Rauhaniemi;la;6:15;6:35;6:55;7:15;7:35;7:55;8:15;8:35;8:55;9:15;9:35;9:55;10:15;10:35;10:55;11:15;11:35;11:55;12:15;12:35;12:55;13:15;13:35;13:55;14:15;14:35;14:55;15:15;15:35;15:55;16:15;16:35;16:55;17:15;17:35;17:55;18:15;18:35;18:55;19:15;19:35;19:55;20:15;20:35;20:55;21:15;21:35;21:55;22:35;23:15;
2;Väliasemalta Keskustori F (10) suuntaan Rauhaniemi;su;6:35;7:35;8:35;9:35;9:55;10:15;10:35;10:55;11:15;11:35;11:55;12:15;12:35;12:55;13:15;13:35;13:55;14:15;14:35;14:55;15:15;15:35;15:55;16:15;16:35;16:55;17:15;17:35;17:55;18:15;18:35;18:55;19:15;19:35;19:55;20:15;20:35;20:55;21:15;21:35;21:55;22:35;
Y2;Päätepysäkiltä Rauhaniemi (5021);ma-pe;15:03;
Y2;Päätepysäkiltä Rauhaniemi (5021);la;
Y2;Päätepysäkiltä Rauhaniemi (5021);su;
Y2;Väliasemalta Kaupin sairaala (5016) suuntaan Keskustori B;ma-pe;15:06;
Y2;Väliasemalta Kaupin sairaala (5016) suuntaan Keskustori B;la;
Y2;Väliasemalta Kaupin sairaala (5016) suuntaan Keskustori B;su;
Y2;Päätepysäkiltä Keskustori F (10);ma-pe;6:35;
Y2;Päätepysäkiltä Keskustori F (10);la;
Y2;Päätepysäkiltä Keskustori F (10);su;
Y2;Väliasemalta Kaupin sairaala (5016) suuntaan Rauhaniemi;ma-pe;6:43;
Y2;Väliasemalta Kaupin sairaala (5016) suuntaan Rauhaniemi;la;
Y2;Väliasemalta Kaupin sairaala (5016) suuntaan Rauhaniemi;su;
3;Päätepysäkiltä Petsamo (5030);ma-pe;5:20;5:50;6:20;6:50;7:20;7:50;8:20;8:50;9:20;9:50;10:20;10:50;11:20;11:50;12:20;12:50;13:20;13:50;14:20;14:50;15:20;15:50;16:20;16:50;17:20;17:50;18:20;18:50;19:20;19:50;20:20;20:50;21:20;
3;Päätepysäkiltä Petsamo (5030);la;6:20;6:50;7:20;7:50;8:20;8:50;9:20;9:50;10:20;10:50;11:20;11:50;12:20;12:50;13:20;13:50;14:20;14:50;15:20;15:50;16:20;16:50;17:20;17:50;18:20;18:50;19:20;19:50;20:20;20:50;21:20;
3;Päätepysäkiltä Petsamo (5030);su;9:20;9:50;10:20;10:50;11:20;11:50;12:20;12:50;13:20;13:50;14:20;14:50;15:20;15:50;16:20;16:50;17:20;17:50;18:20;18:50;19:20;19:50;20:20;20:50;21:20;
3;Väliasemalta Keskustori P (5) suuntaan IKEA;ma-pe;5:32;6:02;6:32;7:02;7:35;8:05;8:35;9:05;9:35;10:05;10:35;11:05;11:35;12:05;12:35;13:05;13:35;14:05;14:35;15:05;15:35;16:05;16:35;17:05;17:35;18:05;18:35;19:05;19:32;20:02;20:32;21:02;21:32;
3;Väliasemalta Keskustori P (5) suuntaan IKEA;la;6:32;7:02;7:32;8:02;8:32;9:02;9:35;10:05;10:35;11:05;11:35;12:05;12:35;13:05;13:35;14:05;14:35;15:05;15:35;16:05;16:35;17:05;17:32;18:02;18:32;19:02;19:32;20:02;20:32;21:02;21:32;
3;Väliasemalta Keskustori P (5) suuntaan IKEA;su;9:32;10:02;10:32;11:02;11:32;12:02;12:32;13:02;13:32;14:02;14:32;15:02;15:32;16:02;16:32;17:02;17:32;18:02;18:32;19:02;19:32;20:02;20:32;21:02;21:32;
3;Päätepysäkiltä IKEA (3167);ma-pe;6:05;6:35;7:05;7:35;8:05;8:35;9:05;9:35;10:05;10:35;11:05;11:35;12:05;12:35;13:05;13:35;14:05;14:35;15:05;15:35;16:05;16:35;17:05;17:35;18:05;18:35;19:05;19:35;20:05;20:35;21:05;21:35;22:05;
3;Päätepysäkiltä IKEA (3167);la;6:05;6:35;7:05;7:35;8:05;8:35;9:05;9:35;10:05;10:35;11:05;11:35;12:05;12:35;13:05;13:35;14:05;14:35;15:05;15:35;16:05;16:35;17:05;17:35;18:05;18:35;19:05;19:35;20:05;20:35;21:05;21:35;
3;Päätepysäkiltä IKEA (3167);su;9:05;9:35;10:05;10:35;11:05;11:35;12:05;12:35;13:05;13:35;14:05;14:35;15:05;15:35;16:05;16:35;17:05;17:35;18:05;18:35;19:05;19:35;20:05;20:35;21:05;21:35;
3;Väliasemalta Keskustori I (42) suuntaan Petsamo;ma-pe;5:35;6:26;6:56;7:30;8:00;8:30;9:00;9:30;10:00;10:30;11:00;11:30;12:00;12:30;13:00;13:30;14:00;14:30;15:00;15:30;16:00;16:30;17:00;17:30;18:00;18:30;19:00;19:26;19:56;20:26;20:56;21:26;21:56;
3;Väliasemalta Keskustori I (42) suuntaan Petsamo;la;6:26;6:56;7:26;7:56;8:26;8:56;9:30;10:00;10:30;11:00;11:30;12:00;12:30;13:00;13:30;14:00;14:30;15:00;15:30;16:00;16:30;17:00;17:26;17:56;18:26;18:56;19:26;19:56;20:26;20:56;21:26;21:56;
3;Väliasemalta Keskustori I (42) suuntaan Petsamo;su;9:26;9:56;10:26;10:56;11:26;11:56;12:26;12:56;13:26;13:56;14:26;14:56;15:26;15:56;16:26;16:56;17:26;17:56;18:26;18:56;19:26;19:56;20:26;20:56;21:26;21:56;
Y3;Päätepysäkiltä Keskustori K (13);ma-pe;7:40;
Y3;Päätepysäkiltä Keskustori K (13);la;
Y3;Päätepysäkiltä Keskustori K (13);su;
5;Päätepysäkiltä TAYS (5127);ma-pe;7:05;7:35;8:05;8:35;9:05;9:35;14:05;14:35;15:05;15:35;16:05;16:35;17:05;17:35;18:05;18:35;
5;Päätepysäkiltä TAYS (5127);la;
5;Päätepysäkiltä TAYS (5127);su;
5;Väliasemalta Hervantakeskus (3642) suuntaan Keskustori I;ma-pe;6:20;6:50;7:20;7:50;8:20;8:50;9:20;9:50;10:20;10:50;11:20;11:50;12:20;12:50;13:20;13:50;14:20;14:50;15:20;15:50;16:20;16:50;17:20;17:50;18:20;18:50;19:20;19:50;20:20;21:00;23:05;
5;Väliasemalta Hervantakeskus (3642) suuntaan Keskustori I;la;8:50;9:20;9:50;10:20;10:50;11:20;11:50;12:20;12:50;13:20;13:50;14:20;14:50;15:20;15:50;16:20;16:50;17:20;17:50;18:20;18:50;19:20;19:50;20:20;21:00;
5;Väliasemalta Hervantakeskus (3642) suuntaan Keskustori I;su;8:50;9:20;9:50;10:20;10:50;11:20;11:50;12:20;12:50;13:20;13:50;14:20;14:50;15:20;15:50;16:20;16:50;17:20;17:50;18:20;18:50;19:20;19:50;20:20;21:00;
5;Päätepysäkiltä Keskustori I (42);ma-pe;6:05;6:35;7:05;7:35;8:05;8:35;9:05;9:35;10:05;10:35;11:05;11:35;12:05;12:35;13:05;13:35;14:05;14:35;15:05;15:35;16:05;16:35;17:05;17:35;18:05;18:35;19:05;19:35;20:05;20:35;21:05;21:35;
5;Päätepysäkiltä Keskustori I (42);la;8:35;9:05;9:35;10:05;10:35;11:05;11:35;12:05;12:35;13:05;13:35;14:05;14:35;15:05;15:35;16:05;16:35;17:05;17:35;18:05;18:35;19:05;19:35;20:05;20:35;21:05;21:35;
5;Päätepysäkiltä Keskustori I (42);su;8:35;9:05;9:35;10:05;10:35;11:05;11:35;12:05;12:35;13:05;13:35;14:05;14:35;15:05;15:35;16:05;16:35;17:05;17:35;18:05;18:35;19:05;19:35;20:05;20:35;21:05;21:35;
5;Väliasemalta Virolainen (3644) suuntaan TAYS;ma-pe;6:25;6:55;7:27;7:57;8:27;8:57;9:27;9:57;10:27;10:57;11:27;11:57;12:27;12:57;13:27;13:57;14:27;14:57;15:27;15:57;16:27;16:57;17:27;17:57;18:27;18:57;19:25;19:55;20:25;20:55;21:25;21:55;
5;Väliasemalta Virolainen (3644) suuntaan TAYS;la;8:55;9:27;9:57;10:27;10:57;11:27;11:57;12:27;12:57;13:27;13:57;14:27;14:57;15:27;15:57;16:27;16:57;17:25;17:55;18:25;18:55;19:25;19:55;20:25;20:55;21:25;21:55;
5;Väliasemalta Virolainen (3644) suuntaan TAYS;su;8:55;9:25;9:55;10:25;10:55;11:25;11:55;12:25;12:55;13:25;13:55;14:25;14:55;15:25;15:55;16:25;16:55;17:25;17:55;18:25;18:55;19:25;19:55;20:25;20:55;21:25;21:55;
5;Väliasemalta Hervantakeskus (3699) suuntaan TAYS;ma-pe;6:37;7:07;7:40;8:10;8:40;9:10;13:40;14:10;14:40;15:10;15:40;16:10;16:40;17:10;17:40;18:10;
5;Väliasemalta Hervantakeskus (3699) suuntaan TAYS;la;
5;Väliasemalta Hervantakeskus (3699) suuntaan TAYS;su;
6;Päätepysäkiltä TAYS (5127);ma-pe;5:50;6:20;6:50;7:20;7:50;8:20;8:50;9:20;9:50;10:20;10:50;11:20;11:50;12:20;12:50;13:20;13:50;14:20;14:50;15:20;15:50;16:20;16:50;17:20;17:50;18:20;
6;Päätepysäkiltä TAYS (5127);la;
6;Päätepysäkiltä TAYS (5127);su;
6;Väliasemalta Hervantakeskus (3699) suuntaan Hatanpään sairaala;ma-pe;6:15;6:45;7:15;7:48;8:18;8:48;9:18;9:48;10:18;10:48;11:18;11:48;12:18;12:48;13:18;13:48;14:18;14:48;15:18;15:48;16:18;16:48;17:18;17:47;18:17;18:47;
6;Väliasemalta Hervantakeskus (3699) suuntaan Hatanpään sairaala;la;
6;Väliasemalta Hervantakeskus (3699) suuntaan Hatanpään sairaala;su;
6;Päätepysäkiltä Hatanpään sairaala (2576);ma-pe;5:55;6:20;6:50;7:20;7:50;8:20;8:50;9:20;9:50;10:20;10:50;11:20;11:50;12:20;12:50;13:20;13:50;14:20;14:50;15:20;15:50;16:20;16:50;17:20;18:20;
6;Päätepysäkiltä Hatanpään sairaala (2576);la;
6;Päätepysäkiltä Hatanpään sairaala (2576);su;
6;Väliasemalta Länsi-Hervanta (3614) suuntaan TAYS;ma-pe;6:15;6:40;7:10;7:40;8:10;8:40;9:10;9:40;10:10;10:40;11:10;11:40;12:10;12:40;13:10;13:40;14:10;14:40;15:10;15:40;16:10;16:40;17:10;17:40;18:40;
6;Väliasemalta Länsi-Hervanta (3614) suuntaan TAYS;la;
6;Väliasemalta Länsi-Hervanta (3614) suuntaan TAYS;su;
6;Väliasemalta Hervantakeskus (3642) suuntaan TAYS;ma-pe;6:20;6:45;7:15;7:45;8:15;8:45;9:15;9:45;10:15;10:45;11:15;11:45;12:15;12:45;13:15;13:45;14:15;14:45;15:15;15:45;16:15;16:45;17:15;17:45;18:45;
6;Väliasemalta Hervantakeskus (3642) suuntaan TAYS;la;
6;Väliasemalta Hervantakeskus (3642) suuntaan TAYS;su;
7;Päätepysäkiltä Pirkkahalli (2554);ma-pe;5:25;5:55;6:25;6:55;7:25;7:55;8:25;8:55;9:25;9:55;10:25;10:55;11:25;11:55;12:25;12:55;13:25;13:55;14:25;14:55;15:25;15:55;16:10;16:25;16:55;17:25;17:55;18:25;19:05;19:35;20:05;20:35;21:05;21:35;22:05;
7;Päätepysäkiltä Pirkkahalli (2554);la;6:05;7:05;8:05;9:05;9:35;10:05;10:35;11:05;11:35;12:05;12:35;13:05;13:35;14:05;14:35;15:05;15:35;16:05;16:35;17:05;18:05;19:05;20:05;21:05;22:05;
7;Päätepysäkiltä Pirkkahalli (2554);su;9:05;10:05;11:05;12:05;13:05;14:05;15:05;16:05;17:05;18:05;19:05;20:05;21:05;22:05;
7;Väliasemalta Keskustori D (15) suuntaan Laatokantie;ma-pe;5:35;5:48;6:18;6:48;7:18;7:55;8:25;8:55;9:23;9:53;10:23;10:53;11:23;11:53;12:23;12:53;13:23;13:53;14:23;14:53;15:23;15:55;16:25;16:40;16:55;17:25;17:53;18:23;18:53;19:28;19:58;20:28;20:58;21:28;21:58;22:28;
7;Väliasemalta Keskustori D (15) suuntaan Laatokantie;la;5:45;6:28;7:28;8:10;8:28;9:10;9:33;10:03;10:33;11:03;11:33;12:03;12:33;13:03;13:33;14:03;14:33;15:03;15:33;16:03;16:33;17:03;17:28;18:28;19:28;20:28;21:28;22:28;23:35;0:35;1:35;
7;Väliasemalta Keskustori D (15) suuntaan Laatokantie;su;8:45;9:28;10:28;11:28;12:28;13:28;14:28;15:28;16:28;17:28;18:28;19:28;20:28;21:28;
7;Päätepysäkiltä Laatokantie (1047);ma-pe;5:05;5:55;6:25;6:55;7:10;7:25;7:55;8:10;8:25;8:55;9:25;9:55;10:25;10:55;11:25;11:55;12:25;12:55;13:25;13:55;14:25;14:55;15:25;15:55;16:25;16:55;17:25;17:55;18:25;19:05;19:35;20:05;20:35;21:05;21:35;22:05;22:35;23:05;
7;Päätepysäkiltä Laatokantie (1047);la;6:05;7:05;8:05;8:35;9:05;9:35;10:05;10:35;11:05;11:35;12:05;12:35;13:05;13:35;14:05;14:35;15:05;15:35;16:05;16:35;17:05;17:35;18:05;19:05;20:05;21:05;23:05;0:05;1:05;
7;Päätepysäkiltä Laatokantie (1047);su;9:05;10:05;11:05;12:05;13:05;14:05;15:05;16:05;17:05;18:05;19:05;20:05;21:05;22:05;
7;Väliasemalta Keskustori H (12) suuntaan Pirkkahalli;ma-pe;5:27;6:17;6:47;7:17;7:35;7:50;8:20;8:50;9:20;9:50;10:20;10:50;11:20;11:50;12:20;12:50;13:20;13:50;14:20;14:50;15:20;15:50;16:20;16:50;17:20;17:50;18:20;18:50;19:27;19:57;20:27;20:57;21:27;21:57;22:27;23:27;
7;Väliasemalta Keskustori H (12) suuntaan Pirkkahalli;la;5:40;6:27;7:27;8:27;8:57;9:30;10:00;10:30;11:00;11:30;12:00;12:30;13:00;13:30;14:00;14:30;15:00;15:30;16:00;16:30;17:27;18:27;19:27;20:27;21:27;
7;Väliasemalta Keskustori H (12) suuntaan Pirkkahalli;su;9:27;10:27;11:27;12:27;13:27;14:27;15:27;16:27;17:27;18:27;19:27;20:27;21:27;22:27;
10;Päätepysäkiltä Järvensivu (3545);ma-pe;6:30;7:00;7:30;8:00;8:30;9:00;9:30;10:00;10:30;11:00;11:30;12:00;12:30;13:00;13:30;14:00;14:30;15:00;15:30;16:00;16:30;17:00;17:30;18:30;19:30;20:30;21:30;
10;Päätepysäkiltä Järvensivu (3545);la;8:30;9:30;10:00;10:30;11:00;11:30;12:00;12:30;13:00;13:30;14:00;14:30;15:00;15:30;16:00;16:30;17:00;17:30;18:30;19:30;20:30;21:30;
10;Päätepysäkiltä Järvensivu (3545);su;9:30;10:30;11:30;12:30;13:30;14:30;15:30;16:30;17:30;18:30;19:30;20:30;21:30;
10;Väliasemalta Keskustori I (42) suuntaan Pispalanharju;ma-pe;6:43;7:15;7:45;8:15;8:45;9:15;9:45;10:15;10:45;11:15;11:45;12:15;12:45;13:15;13:45;14:15;14:45;15:15;15:45;16:15;16:45;17:15;17:45;18:45;19:43;20:43;21:43;
10;Väliasemalta Keskustori I (42) suuntaan Pispalanharju;la;8:43;9:45;10:15;10:45;11:15;11:45;12:15;12:45;13:15;13:45;14:15;14:45;15:15;15:45;16:15;16:45;17:13;17:43;18:43;19:43;20:43;21:43;
10;Väliasemalta Keskustori I (42) suuntaan Pispalanharju;su;9:43;10:43;11:43;12:43;13:43;14:43;15:43;16:43;17:43;18:43;19:43;20:43;21:43;
10;Päätepysäkiltä Pispalanharju (2031);ma-pe;6:30;7:00;7:30;8:00;8:30;9:00;9:30;10:00;10:30;11:00;11:30;12:05;12:30;13:05;13:30;14:05;14:30;15:05;15:30;16:00;16:30;17:00;18:00;19:00;20:00;21:00;22:00;
10;Päätepysäkiltä Pispalanharju (2031);la;9:00;10:00;10:30;11:00;11:30;12:00;12:30;13:00;13:30;14:00;14:30;15:00;15:30;16:00;16:30;17:00;18:00;19:00;20:00;21:00;22:00;
10;Päätepysäkiltä Pispalanharju (2031);su;10:00;11:00;12:00;13:00;14:00;15:00;16:00;17:00;18:00;19:00;20:00;21:00;
10;Väliasemalta Keskustori R (41) suuntaan Järvensivu;ma-pe;6:40;7:10;7:40;8:10;8:40;9:10;9:40;10:10;10:40;11:10;11:40;12:15;12:40;13:15;13:40;14:15;14:40;15:15;15:40;16:10;16:40;17:10;18:10;19:10;20:10;21:10;22:10;
10;Väliasemalta Keskustori R (41) suuntaan Järvensivu;la;9:10;10:10;10:40;11:10;11:40;12:10;12:40;13:10;13:40;14:10;14:40;15:10;15:40;16:10;16:40;17:10;18:10;19:10;20:10;21:10;22:10;
10;Väliasemalta Keskustori R (41) suuntaan Järvensivu;su;10:10;11:10;12:10;13:10;14:10;15:10;16:10;17:10;18:10;19:10;20:10;21:10;
11;Päätepysäkiltä Pereentie (2603);ma-pe;6:17;6:37;6:57;7:17;7:37;7:57;8:17;8:37;8:57;9:17;9:37;13:37;13:57;14:17;14:37;14:57;15:17;15:37;15:57;16:17;16:37;16:57;17:17;17:37;
11;Päätepysäkiltä Pereentie (2603);la;
11;Päätepysäkiltä Pereentie (2603);su;
11;Väliasemalta Keskustori C (35) suuntaan Kalkku;ma-pe;6:35;6:55;7:15;7:37;7:57;8:17;8:37;8:57;9:17;9:37;13:57;14:17;14:37;14:57;15:17;15:37;15:57;16:17;16:37;16:57;17:17;17:37;17:57;
11;Väliasemalta Keskustori C (35) suuntaan Kalkku;la;
11;Väliasemalta Keskustori C (35) suuntaan Kalkku;su;
11;Päätepysäkiltä Kalkku (1592);ma-pe;6:15;6:35;6:55;7:15;7:35;7:55;8:15;8:35;8:55;9:15;9:35;13:35;13:55;14:15;14:35;14:55;15:15;15:35;15:55;16:15;16:35;16:55;17:15;17:35;
11;Päätepysäkiltä Kalkku (1592);la;
11;Päätepysäkiltä Kalkku (1592);su;
11;Väliasemalta Keskustori H (12) suuntaan Pereentie;ma-pe;6:40;7:00;7:20;7:42;8:02;8:22;8:42;9:02;9:22;9:42;14:02;14:22;14:42;15:02;15:22;15:42;16:02;16:22;16:42;17:02;17:22;17:42;18:02;
11;Väliasemalta Keskustori H (12) suuntaan Pereentie;la;
11;Väliasemalta Keskustori H (12) suuntaan Pereentie;su;
12;Päätepysäkiltä Hallila (3134);ma-pe;4:55;5:25;5:55;6:25;6:55;7:10;7:25;7:40;7:55;8:10;8:25;8:40;8:55;9:10;9:25;9:55;10:25;10:55;11:25;11:55;12:25;12:55;13:10;13:25;13:40;13:55;14:10;14:25;14:40;14:55;15:10;15:25;15:40;15:55;16:10;16:25;16:40;16:55;17:25;17:55;18:25;18:55;19:25;19:55;20:25;20:55;21:25;21:55;22:25;
12;Päätepysäkiltä Hallila (3134);la;5:55;6:25;6:55;7:25;7:55;8:25;8:55;9:25;9:55;10:25;10:55;11:25;11:55;12:25;12:55;13:25;13:55;14:25;14:55;15:25;15:55;16:25;16:55;17:25;17:55;18:25;18:55;19:25;19:55;20:25;20:55;21:25;21:55;22:25;
12;Päätepysäkiltä Hallila (3134);su;9:25;9:55;10:25;10:55;11:25;11:55;12:25;12:55;13:25;13:55;14:25;14:55;15:25;15:55;16:25;16:55;17:25;17:55;18:25;18:55;19:25;19:55;20:25;20:55;21:25;21:55;22:25;
12;Päätepysäkiltä Keskustori P (5);ma-pe;5:30;5:55;6:25;6:55;7:10;7:25;7:40;7:55;8:10;8:25;8:40;8:55;9:25;9:55;10:25;10:55;11:25;11:55;12:25;12:55;13:10;13:25;13:40;13:55;14:10;14:25;14:40;14:55;15:10;15:25;15:40;15:55;16:10;16:25;16:40;16:55;17:10;17:25;17:55;18:25;18:55;19:25;19:55;20:25;20:55;21:25;21:55;22:25;
12;Päätepysäkiltä Keskustori P (5);la;5:30;5:55;6:25;6:55;7:25;7:55;8:25;8:55;9:25;9:55;10:25;10:55;11:25;11:55;12:25;12:55;13:25;13:55;14:25;14:55;15:25;15:55;16:25;16:55;17:25;17:55;18:25;18:55;19:25;19:55;20:25;20:55;21:25;21:55;22:25;
12;Päätepysäkiltä Keskustori P (5);su;9:25;9:55;10:25;10:55;11:25;11:55;12:25;12:55;13:25;13:55;14:25;14:55;15:25;15:55;16:25;16:55;17:25;17:55;18:25;18:55;19:25;19:55;20:25;20:55;21:25;21:55;22:25;
13;Päätepysäkiltä Hermia (3633);ma-pe;4:25;4:55;5:25;5:55;6:10;6:25;6:40;6:55;7:10;7:25;7:40;7:55;8:10;8:25;8:40;8:55;9:10;9:25;9:40;9:55;10:10;10:25;10:40;10:55;11:10;11:25;11:40;11:55;12:10;12:25;12:40;12:55;13:10;13:25;13:40;13:55;14:10;14:25;14:40;14:55;15:10;15:25;15:40;15:55;16:10;16:25;16:40;16:55;17:10;17:25;17:40;17:55;18:10;18:25;18:45;19:05;19:25;19:45;20:05;20:25;20:45;21:05;21:25;21:45;22:05;22:45;23:45;0:45;1:45;
13;Päätepysäkiltä Hermia (3633);la;4:05;5:05;6:05;6:35;7:05;7:35;8:05;8:35;9:05;9:25;9:45;10:05;10:25;10:45;11:05;11:25;11:45;12:05;12:25;12:45;13:05;13:25;13:45;14:05;14:25;14:45;15:05;15:25;15:45;16:05;16:25;16:45;17:05;17:25;17:45;18:05;18:25;18:45;19:05;19:35;20:05;20:35;21:05;21:35;22:05;22:35;23:05;23:35;0:35;1:35;
13;Päätepysäkiltä Hermia (3633);su;4:05;5:05;6:05;7:05;8:05;9:05;9:35;10:05;10:35;11:05;11:35;12:05;12:35;13:05;13:35;14:05;14:35;15:05;15:35;16:05;16:35;17:05;17:35;18:05;18:35;19:05;19:35;20:05;20:35;21:05;21:35;22:05;22:45;23:45;
13;Väliasemalta Keskustori B (36) suuntaan Lamminpään hautausmaa;ma-pe;4:00;4:50;5:20;5:50;6:20;6:35;6:50;7:05;7:20;7:40;7:55;8:10;8:25;8:40;8:55;9:10;9:25;9:40;9:55;10:10;10:25;10:40;10:55;11:10;11:25;11:40;11:55;12:10;12:25;12:40;12:55;13:10;13:25;13:40;13:55;14:10;14:25;14:40;14:55;15:10;15:25;15:40;15:55;16:10;16:25;16:40;16:55;17:10;17:25;17:40;17:55;18:10;18:25;18:40;18:55;19:15;19:30;19:50;20:10;20:30;20:50;21:10;21:30;21:50;22:10;22:30;23:10;0:10;1:10;2:10;
13;Väliasemalta Keskustori B (36) suuntaan Lamminpään hautausmaa;la;3:30;4:30;5:30;6:30;7:00;7:30;8:00;8:30;9:00;9:35;9:55;10:15;10:35;10:55;11:15;11:35;11:55;12:15;12:35;12:55;13:15;13:35;13:55;14:15;14:35;14:55;15:15;15:35;15:55;16:15;16:35;16:55;17:15;17:30;17:50;18:10;18:30;18:50;19:10;19:30;20:00;20:30;21:00;21:30;22:00;22:30;23:10;0:10;1:10;2:10;
13;Väliasemalta Keskustori B (36) suuntaan Lamminpään hautausmaa;su;3:30;4:30;5:30;6:30;7:30;8:30;9:30;10:00;10:30;11:00;11:30;12:00;12:30;13:00;13:30;14:00;14:30;15:00;15:30;16:00;16:30;17:00;17:30;18:00;18:30;19:00;19:30;20:00;20:30;21:00;21:30;22:00;22:30;23:10;0:10;
13;Päätepysäkiltä Lamminpään hautausmaa (1672);ma-pe;4:20;4:55;5:25;5:55;6:10;6:25;6:40;6:55;7:10;7:25;7:40;7:55;8:10;8:25;8:40;8:55;9:10;9:25;9:40;9:55;10:10;10:25;10:40;10:55;11:10;11:25;11:40;11:55;12:10;12:25;12:40;12:55;13:10;13:25;13:40;13:55;14:10;14:25;14:40;14:55;15:10;15:25;15:40;15:55;16:10;16:25;16:40;16:55;17:10;17:25;17:40;17:55;18:10;18:25;18:45;19:05;19:25;19:45;20:05;20:25;20:45;21:05;21:25;21:45;22:05;22:45;23:45;0:45;1:45;
13;Päätepysäkiltä Lamminpään hautausmaa (1672);la;4:05;5:05;6:05;6:35;7:05;7:35;8:05;8:35;9:05;9:25;9:45;10:05;10:25;10:45;11:05;11:25;11:45;12:05;12:25;12:45;13:05;13:25;13:45;14:05;14:25;14:45;15:05;15:25;15:45;16:05;16:25;16:45;17:05;17:25;17:45;18:05;18:25;18:45;19:05;19:35;20:05;20:35;21:05;21:35;22:05;22:35;23:05;23:35;0:35;1:35;
13;Päätepysäkiltä Lamminpään hautausmaa (1672);su;4:05;5:05;6:05;7:05;8:05;9:05;9:35;10:05;10:35;11:05;11:35;12:05;12:35;13:05;13:35;14:05;14:35;15:05;15:35;16:05;16:35;17:05;17:35;18:05;18:35;19:05;19:35;20:05;20:35;21:05;21:35;22:05;22:45;23:45;
13;Väliasemalta Keskustori K (13) suuntaan Hermia;ma-pe;4:00;4:43;5:18;5:48;6:18;6:33;6:48;7:03;7:18;7:35;7:50;8:05;8:20;8:35;8:50;9:05;9:20;9:35;9:50;10:05;10:20;10:35;10:50;11:05;11:20;11:35;11:50;12:05;12:20;12:35;12:50;13:05;13:20;13:35;13:50;14:05;14:20;14:35;14:50;15:05;15:20;15:35;15:50;16:05;16:20;16:35;16:50;17:05;17:20;17:35;17:50;18:05;18:20;18:35;18:50;19:10;19:28;19:48;20:08;20:28;20:48;21:08;21:28;21:48;22:08;22:28;23:08;0:10;1:10;2:10;
13;Väliasemalta Keskustori K (13) suuntaan Hermia;la;3:30;4:30;5:30;6:28;6:58;7:28;7:58;8:28;8:58;9:30;9:50;10:10;10:30;10:50;11:10;11:30;11:50;12:10;12:30;12:50;13:10;13:30;13:50;14:10;14:30;14:50;15:10;15:30;15:50;16:10;16:30;16:50;17:10;17:28;17:48;18:08;18:28;18:48;19:08;19:28;19:58;20:28;20:58;21:28;21:58;22:28;23:10;0:10;1:10;2:10;
13;Väliasemalta Keskustori K (13) suuntaan Hermia;su;3:30;4:30;5:30;6:30;7:30;8:30;9:28;9:58;10:28;10:58;11:28;11:58;12:28;12:58;13:28;13:58;14:28;14:58;15:28;15:58;16:28;16:58;17:28;17:58;18:28;18:58;19:28;19:58;20:28;20:58;21:28;21:58;22:28;23:10;0:10;
15;Päätepysäkiltä Kaukajärvi (4078);ma-pe;5:00;5:20;5:40;6:00;6:15;6:30;6:45;7:00;7:10;7:20;7:30;7:40;7:50;8:00;8:10;8:20;8:30;8:40;8:50;9:00;9:15;9:30;9:45;10:00;10:15;10:30;10:45;11:00;11:15;11:30;11:45;12:00;12:15;12:30;12:45;13:00;13:15;13:30;13:45;14:00;14:10;14:20;14:30;14:40;14:50;15:00;15:10;15:20;15:30;15:40;15:50;16:00;16:10;16:20;16:30;16:40;16:50;17:00;17:15;17:30;17:45;18:00;18:20;18:40;19:00;19:20;19:40;20:00;20:20;20:40;21:00;21:20;21:40;22:00;22:20;
15;Päätepysäkiltä Kaukajärvi (4078);la;6:00;6:30;7:00;7:30;8:00;8:20;8:40;9:00;9:20;9:40;10:00;10:20;10:40;11:00;11:20;11:40;12:00;12:20;12:40;13:00;13:20;13:40;14:00;14:20;14:40;15:00;15:20;15:40;16:00;16:20;16:40;17:00;17:20;17:40;18:00;18:20;18:40;19:00;19:20;19:40;20:00;20:20;20:40;21:00;21:20;21:40;22:00;22:20;
15;Päätepysäkiltä Kaukajärvi (4078);su;9:00;9:30;10:00;10:30;11:00;11:30;12:00;12:30;13:00;13:30;14:00;14:30;15:00;15:30;16:00;16:30;17:00;17:30;18:00;18:30;19:00;19:30;20:00;20:30;21:00;21:30;22:00;22:30;
15;Päätepysäkiltä Keskustori R (41);ma-pe;5:30;5:50;6:10;6:30;6:45;7:00;7:15;7:30;7:40;7:50;8:00;8:10;8:20;8:30;8:45;9:00;9:15;9:30;9:45;10:00;10:15;10:30;10:45;11:00;11:15;11:30;11:45;12:00;12:15;12:30;12:45;13:00;13:15;13:30;13:45;14:00;14:10;14:20;14:30;14:40;14:50;15:00;15:10;15:20;15:30;15:40;15:50;16:00;16:10;16:20;16:30;16:40;16:50;17:00;17:10;17:20;17:30;17:45;18:00;18:15;18:30;18:50;19:10;19:30;19:50;20:10;20:30;20:50;21:10;21:30;21:50;22:10;22:30;
15;Päätepysäkiltä Keskustori R (41);la;6:30;7:00;7:30;8:00;8:30;8:50;9:10;9:30;9:50;10:10;10:30;10:50;11:10;11:30;11:50;12:10;12:30;12:50;13:10;13:30;13:50;14:10;14:30;14:50;15:10;15:30;15:50;16:10;16:30;16:50;17:10;17:30;17:50;18:10;18:30;18:50;19:10;19:30;19:50;20:10;20:30;20:50;21:10;21:30;21:50;22:10;22:30;
15;Päätepysäkiltä Keskustori R (41);su;8:30;9:00;9:30;10:00;10:30;11:00;11:30;12:00;12:30;13:00;13:30;14:00;14:30;15:00;15:30;16:00;16:30;17:00;17:30;18:00;18:30;19:00;19:30;20:00;20:30;21:00;21:30;22:00;22:30;
16;Päätepysäkiltä Kiveliönkatu (4555);ma-pe;4:10;5:10;5:30;5:50;6:10;6:30;6:50;7:00;7:10;7:20;7:30;7:40;7:50;8:00;8:10;8:20;8:30;8:40;8:52;9:07;9:22;9:37;9:52;10:07;10:22;10:37;10:52;11:07;11:22;11:37;11:52;12:07;12:22;12:37;12:52;13:07;13:22;13:37;13:50;14:00;14:10;14:20;14:30;14:40;14:50;15:00;15:10;15:20;15:30;15:40;15:50;16:00;16:10;16:20;16:30;16:40;16:50;17:10;17:30;17:50;18:10;18:30;18:50;19:20;19:50;20:20;20:50;21:20;21:50;22:20;22:50;23:35;0:35;1:35;
16;Päätepysäkiltä Kiveliönkatu (4555);la;4:00;5:00;5:55;6:20;6:50;7:20;7:50;8:20;8:50;9:10;9:30;9:50;10:10;10:30;10:50;11:10;11:30;11:50;12:10;12:30;12:50;13:10;13:30;13:50;14:10;14:30;14:50;15:10;15:30;15:50;16:10;16:30;16:50;17:10;17:30;17:50;18:10;18:30;18:50;19:20;19:50;20:20;20:50;21:20;21:50;22:20;22:50;23:35;0:35;1:35;
16;Päätepysäkiltä Kiveliönkatu (4555);su;4:00;5:00;6:00;7:00;8:00;8:55;9:20;9:50;10:20;10:50;11:20;11:50;12:20;12:50;13:20;13:50;14:20;14:50;15:20;15:50;16:20;16:50;17:20;17:50;18:20;18:50;19:20;19:50;20:20;20:50;21:20;21:50;22:20;22:50;23:35;
16;Väliasemalta Keskustori D (15) suuntaan Lentävänniemi;ma-pe;4:00;4:40;5:33;5:53;6:13;6:33;6:53;7:13;7:28;7:38;7:48;7:58;8:08;8:18;8:28;8:38;8:48;8:58;9:08;9:20;9:35;9:50;10:05;10:20;10:35;10:50;11:05;11:20;11:35;11:50;12:05;12:20;12:35;12:50;13:05;13:20;13:35;13:50;14:05;14:18;14:28;14:38;14:48;14:58;15:08;15:18;15:28;15:38;15:48;15:58;16:08;16:18;16:28;16:38;16:48;16:58;17:08;17:18;17:38;17:58;18:18;18:38;18:58;19:18;19:43;20:13;20:43;21:13;21:43;22:13;22:43;23:13;0:10;1:10;2:10;
16;Väliasemalta Keskustori D (15) suuntaan Lentävänniemi;la;3:30;4:30;5:30;6:18;6:43;7:13;7:43;8:13;8:43;9:13;9:38;9:58;10:18;10:38;10:58;11:18;11:38;11:58;12:18;12:38;12:58;13:18;13:38;13:58;14:18;14:38;14:58;15:18;15:38;15:58;16:18;16:38;16:58;17:18;17:33;17:53;18:13;18:33;18:53;19:13;19:43;20:13;20:43;21:13;21:43;22:13;22:43;23:13;0:10;1:10;2:10;
16;Väliasemalta Keskustori D (15) suuntaan Lentävänniemi;su;3:30;4:30;5:30;6:30;7:30;8:30;9:18;9:43;10:13;10:43;11:13;11:43;12:13;12:43;13:13;13:43;14:13;14:43;15:13;15:43;16:13;16:43;17:13;17:43;18:13;18:43;19:13;19:43;20:13;20:43;21:13;21:43;22:13;22:43;23:13;0:10;
16;Päätepysäkiltä Lentävänniemi (1028);ma-pe;4:20;5:00;5:30;5:50;6:10;6:30;6:50;7:00;7:10;7:20;7:30;7:40;7:50;8:00;8:10;8:20;8:30;8:40;8:50;9:10;9:25;9:40;9:55;10:10;10:25;10:40;10:55;11:10;11:25;11:40;11:55;12:10;12:25;12:40;12:55;13:10;13:25;13:40;13:50;14:00;14:10;14:20;14:30;14:40;14:50;15:00;15:10;15:20;15:30;15:40;15:50;16:00;16:10;16:20;16:30;16:40;16:50;17:10;17:30;17:50;18:10;18:30;18:50;19:20;19:50;20:20;20:50;21:20;21:50;22:20;22:50;23:35;0:35;1:35;2:35;
16;Päätepysäkiltä Lentävänniemi (1028);la;3:55;4:55;5:50;6:20;6:50;7:20;7:50;8:20;8:50;9:10;9:30;9:50;10:10;10:30;10:50;11:10;11:30;11:50;12:10;12:30;12:50;13:10;13:30;13:50;14:10;14:30;14:50;15:10;15:30;15:50;16:10;16:30;16:50;17:10;17:30;17:50;18:10;18:30;18:50;19:20;19:50;20:20;20:50;21:20;21:50;22:20;22:50;23:35;0:35;1:35;2:35;
16;Päätepysäkiltä Lentävänniemi (1028);su;3:55;4:55;5:55;6:55;7:55;8:50;9:20;9:50;10:20;10:50;11:20;11:50;12:20;12:50;13:20;13:50;14:20;14:50;15:20;15:50;16:20;16:50;17:20;17:50;18:20;18:50;19:20;19:50;20:20;20:50;21:20;21:50;22:20;22:50;23:35;0:35;
16;Väliasemalta Keskustori G (11) suuntaan Kiveliönkatu;ma-pe;3:45;4:45;5:22;5:52;6:12;6:32;6:52;7:12;7:24;7:34;7:44;7:54;8:04;8:14;8:24;8:34;8:44;8:54;9:04;9:14;9:34;9:49;10:04;10:19;10:34;10:49;11:04;11:19;11:34;11:49;12:04;12:19;12:34;12:49;13:04;13:19;13:34;13:49;14:04;14:14;14:24;14:34;14:44;14:54;15:04;15:14;15:24;15:34;15:44;15:54;16:04;16:14;16:24;16:34;16:44;16:54;17:04;17:14;17:34;17:54;18:14;18:34;18:54;19:14;19:42;20:12;20:42;21:12;21:42;22:12;22:42;23:12;0:10;1:10;2:10;
16;Väliasemalta Keskustori G (11) suuntaan Kiveliönkatu;la;3:30;4:30;5:30;6:12;6:42;7:12;7:42;8:12;8:42;9:12;9:34;9:54;10:14;10:34;10:54;11:14;11:34;11:54;12:14;12:34;12:54;13:14;13:34;13:54;14:14;14:34;14:54;15:14;15:34;15:54;16:14;16:34;16:54;17:14;17:32;17:52;18:12;18:32;18:52;19:12;19:42;20:12;20:42;21:12;21:42;22:12;22:42;23:12;0:10;1:10;2:10;
16;Väliasemalta Keskustori G (11) suuntaan Kiveliönkatu;su;3:30;4:30;5:30;6:30;7:30;8:30;9:12;9:42;10:12;10:42;11:12;11:42;12:12;12:42;13:12;13:42;14:12;14:42;15:12;15:42;16:12;16:42;17:12;17:42;18:12;18:42;19:12;19:42;20:12;20:42;21:12;21:42;22:12;22:42;23:12;0:10;
17;Päätepysäkiltä Juvelankatu (4065);ma-pe;4:20;5:00;5:30;6:00;6:20;6:40;7:00;7:20;7:40;8:00;8:20;8:40;9:00;9:20;9:40;10:00;10:20;10:40;11:00;11:20;11:40;12:00;12:20;12:40;13:00;13:20;13:40;14:00;14:20;14:40;15:00;15:20;15:40;16:00;16:20;16:40;17:00;17:20;17:40;18:10;18:40;19:10;19:40;20:10;20:40;21:10;21:40;22:10;22:40;23:35;0:35;1:35;
17;Päätepysäkiltä Juvelankatu (4065);la;3:55;4:55;5:40;6:10;6:40;7:10;7:40;8:10;8:40;9:10;9:40;10:10;10:40;11:10;11:40;12:10;12:40;13:10;13:40;14:10;14:40;15:10;15:40;16:10;16:40;17:10;17:40;18:10;18:40;19:10;19:40;20:10;20:40;21:10;21:40;22:10;22:40;23:10;23:35;0:35;1:35;
17;Päätepysäkiltä Juvelankatu (4065);su;3:55;4:55;5:55;6:55;7:55;8:40;9:10;9:40;10:10;10:40;11:10;11:40;12:10;12:40;13:10;13:40;14:10;14:40;15:10;15:40;16:10;16:40;17:10;17:40;18:10;18:40;19:10;19:40;20:10;20:40;21:10;21:40;22:10;22:40;23:35;0:35;
17;Väliasemalta Keskustori C (35) suuntaan Pyynikintori;ma-pe;4:46;5:26;5:56;6:26;6:46;7:06;7:30;7:50;8:10;8:30;8:50;9:10;9:30;9:50;10:10;10:30;10:50;11:10;11:30;11:50;12:10;12:30;12:50;13:10;13:30;13:50;14:10;14:30;14:50;15:10;15:30;15:50;16:10;16:30;16:50;17:10;17:30;17:50;18:10;18:40;19:10;19:36;20:06;20:36;21:06;21:36;22:06;22:36;23:06;0:01;1:01;2:01;
17;Väliasemalta Keskustori C (35) suuntaan Pyynikintori;la;4:21;5:21;6:06;6:36;7:06;7:36;8:06;8:36;9:06;9:40;10:10;10:40;11:10;11:40;12:10;12:40;13:10;13:40;14:10;14:40;15:10;15:40;16:10;16:40;17:10;17:36;18:06;18:36;19:06;19:36;20:06;20:36;21:06;21:36;22:06;22:36;23:06;23:36;0:01;1:01;2:01;
17;Väliasemalta Keskustori C (35) suuntaan Pyynikintori;su;4:21;5:21;6:21;7:21;8:21;9:06;9:36;10:06;10:36;11:06;11:36;12:06;12:36;13:06;13:36;14:06;14:36;15:06;15:36;16:06;16:36;17:06;17:36;18:06;18:36;19:06;19:36;20:06;20:36;21:06;21:36;22:06;22:36;23:06;0:01;1:01;
17;Päätepysäkiltä Pyynikintori (31);ma-pe;3:50;4:50;5:30;6:00;6:20;6:40;7:00;7:20;7:40;8:00;8:20;8:40;9:00;9:20;9:40;10:00;10:20;10:40;11:00;11:20;11:40;12:00;12:20;12:40;13:00;13:20;13:40;14:00;14:20;14:40;15:00;15:20;15:40;16:00;16:20;16:40;17:00;17:20;17:40;18:00;18:25;18:55;19:25;19:55;20:25;20:55;21:25;21:55;22:25;23:05;0:05;1:05;2:05;
17;Päätepysäkiltä Pyynikintori (31);la;3:25;4:25;5:25;6:25;6:55;7:25;7:55;8:25;8:55;9:25;9:55;10:25;10:55;11:25;11:55;12:25;12:55;13:25;13:55;14:25;14:55;15:25;15:55;16:25;16:55;17:25;17:55;18:25;18:55;19:25;19:55;20:25;20:55;21:25;21:55;22:25;23:05;0:05;1:05;2:05;
17;Päätepysäkiltä Pyynikintori (31);su;3:25;4:25;5:25;6:25;7:25;8:25;9:25;9:55;10:25;10:55;11:25;11:55;12:25;12:55;13:25;13:55;14:25;14:55;15:25;15:55;16:25;16:55;17:25;17:55;18:25;18:55;19:25;19:55;20:25;20:55;21:25;21:55;22:25;23:05;0:05;
17;Väliasemalta Keskustori F (10) suuntaan Juvelankatu;ma-pe;3:55;4:55;5:35;6:05;6:25;6:45;7:05;7:25;7:45;8:05;8:25;8:45;9:05;9:25;9:45;10:05;10:25;10:45;11:05;11:25;11:45;12:05;12:25;12:45;13:05;13:25;13:45;14:05;14:25;14:45;15:05;15:25;15:45;16:05;16:25;16:45;17:05;17:25;17:45;18:05;18:30;19:00;19:30;20:00;20:30;21:00;21:30;22:00;22:30;23:10;0:10;1:10;2:10;
17;Väliasemalta Keskustori F (10) suuntaan Juvelankatu;la;3:30;4:30;5:30;6:30;7:00;7:30;8:00;8:30;9:00;9:30;10:00;10:30;11:00;11:30;12:00;12:30;13:00;13:30;14:00;14:30;15:00;15:30;16:00;16:30;17:00;17:30;18:00;18:30;19:00;19:30;20:00;20:30;21:00;21:30;22:00;22:30;23:10;0:10;1:10;2:10;
17;Väliasemalta Keskustori F (10) suuntaan Juvelankatu;su;3:30;4:30;5:30;6:30;7:30;8:30;9:30;10:00;10:30;11:00;11:30;12:00;12:30;13:00;13:30;14:00;14:30;15:00;15:30;16:00;16:30;17:00;17:30;18:00;18:30;19:00;19:30;20:00;20:30;21:00;21:30;22:00;22:30;23:10;0:10;
Y17;Päätepysäkiltä Aukionkatu 2 (4062);ma-pe;7:20;8:20;
Y17;Päätepysäkiltä Aukionkatu 2 (4062);la;
Y17;Päätepysäkiltä Aukionkatu 2 (4062);su;
18;Päätepysäkiltä Atala (5249);ma-pe;5:00;5:20;5:40;6:00;6:20;6:40;6:55;7:05;7:15;7:25;7:35;7:45;7:55;8:05;8:15;8:25;8:35;8:45;9:00;9:15;9:30;9:45;10:00;10:15;10:30;10:45;11:00;11:15;11:30;11:45;12:00;12:15;12:30;12:45;13:00;13:15;13:30;13:45;14:05;14:15;14:25;14:35;14:45;14:55;15:05;15:15;15:25;15:35;15:45;15:55;16:05;16:15;16:25;16:35;16:45;17:00;17:20;17:40;18:00;18:20;18:40;19:05;19:35;20:05;20:35;21:05;21:35;22:05;22:35;
18;Päätepysäkiltä Atala (5249);la;6:05;6:35;7:05;7:35;8:05;8:35;9:00;9:20;9:40;10:00;10:20;10:40;11:00;11:20;11:40;12:00;12:20;12:40;13:00;13:20;13:40;14:00;14:20;14:40;15:00;15:20;15:40;16:00;16:20;16:40;17:00;17:20;17:40;18:00;18:20;18:40;19:05;19:35;20:05;20:35;21:05;21:35;22:05;22:35;
18;Päätepysäkiltä Atala (5249);su;9:05;9:35;10:05;10:35;11:05;11:35;12:05;12:35;13:05;13:35;14:05;14:35;15:05;15:35;16:05;16:35;17:05;17:35;18:05;18:35;19:05;19:35;20:05;20:35;21:05;21:35;22:05;22:35;
18;Väliasemalta Keskustori C (35) suuntaan Haukiluoma;ma-pe;5:22;5:42;6:02;6:22;6:42;7:02;7:17;7:32;7:42;7:52;8:02;8:12;8:22;8:32;8:42;8:52;9:02;9:12;9:27;9:42;9:57;10:12;10:27;10:42;10:57;11:12;11:27;11:42;11:57;12:12;12:27;12:42;12:57;13:12;13:27;13:42;13:57;14:12;14:32;14:42;14:52;15:02;15:12;15:22;15:32;15:42;15:52;16:02;16:12;16:22;16:32;16:42;16:52;17:02;17:12;17:27;17:47;18:07;18:27;18:47;19:07;19:27;19:57;20:27;20:57;21:27;21:57;22:27;22:57;23:40;0:40;1:40;
18;Väliasemalta Keskustori C (35) suuntaan Haukiluoma;la;3:30;4:30;5:30;6:27;6:57;7:27;7:57;8:27;8:57;9:27;9:47;10:07;10:27;10:47;11:07;11:27;11:47;12:07;12:27;12:47;13:07;13:27;13:47;14:07;14:27;14:47;15:07;15:27;15:47;16:07;16:27;16:47;17:07;17:22;17:42;18:02;18:22;18:42;19:02;19:27;19:57;20:27;20:57;21:27;21:57;22:27;22:57;23:40;0:40;1:40;
18;Väliasemalta Keskustori C (35) suuntaan Haukiluoma;su;3:30;4:30;5:30;6:30;7:30;8:30;9:27;9:57;10:27;10:57;11:27;11:57;12:27;12:57;13:27;13:57;14:27;14:57;15:27;15:57;16:27;16:57;17:27;17:57;18:27;18:57;19:27;19:57;20:27;20:57;21:27;21:57;22:27;22:57;23:40;0:40;
18;Päätepysäkiltä Haukiluoma (1668);ma-pe;4:20;5:00;5:20;5:40;6:00;6:20;6:40;7:00;7:10;7:20;7:30;7:40;7:50;8:00;8:10;8:20;8:30;8:40;8:50;9:00;9:15;9:30;9:45;10:00;10:15;10:30;10:45;11:00;11:15;11:30;11:45;12:00;12:15;12:30;12:45;13:00;13:15;13:30;13:45;14:00;14:10;14:20;14:30;14:40;14:50;15:00;15:10;15:20;15:30;15:40;15:50;16:00;16:10;16:20;16:30;16:40;16:50;17:00;17:20;17:40;18:00;18:20;18:35;19:05;19:35;20:05;20:35;21:05;21:35;22:05;22:35;23:05;0:05;1:05;
18;Päätepysäkiltä Haukiluoma (1668);la;4:05;5:05;6:05;6:35;7:05;7:35;8:05;8:35;9:00;9:20;9:40;10:00;10:20;10:40;11:00;11:20;11:40;12:00;12:20;12:40;13:00;13:20;13:40;14:00;14:20;14:40;15:00;15:20;15:40;16:00;16:20;16:40;17:00;17:20;17:40;18:00;18:20;18:40;19:05;19:35;20:05;20:35;21:05;21:35;22:05;22:35;23:05;0:05;1:05;
18;Päätepysäkiltä Haukiluoma (1668);su;4:05;5:05;6:05;7:05;8:05;9:05;9:35;10:05;10:35;11:05;11:35;12:05;12:35;13:05;13:35;14:05;14:35;15:05;15:35;16:05;16:35;17:05;17:35;18:05;18:35;19:05;19:35;20:05;20:35;21:05;21:35;22:05;22:35;23:05;0:05;
18;Väliasemalta Keskustori G (11) suuntaan Atala;ma-pe;4:43;5:23;5:43;6:03;6:23;6:43;7:03;7:27;7:37;7:47;7:57;8:07;8:17;8:27;8:37;8:47;8:57;9:07;9:17;9:27;9:42;9:57;10:12;10:27;10:42;10:57;11:12;11:27;11:42;11:57;12:12;12:27;12:42;12:57;13:12;13:27;13:42;13:57;14:12;14:27;14:37;14:47;14:57;15:07;15:17;15:27;15:37;15:47;15:57;16:07;16:17;16:27;16:37;16:47;16:57;17:07;17:17;17:27;17:47;18:07;18:27;18:47;19:02;19:28;19:58;20:28;20:58;21:28;21:58;22:28;22:58;
18;Väliasemalta Keskustori G (11) suuntaan Atala;la;6:28;6:58;7:28;7:58;8:28;8:58;9:27;9:47;10:07;10:27;10:47;11:07;11:27;11:47;12:07;12:27;12:47;13:07;13:27;13:47;14:07;14:27;14:47;15:07;15:27;15:47;16:07;16:27;16:47;17:07;17:23;17:43;18:03;18:23;18:43;19:03;19:28;19:58;20:28;20:58;21:28;21:58;22:28;22:58;
18;Väliasemalta Keskustori G (11) suuntaan Atala;su;9:28;9:58;10:28;10:58;11:28;11:58;12:28;12:58;13:28;13:58;14:28;14:58;15:28;15:58;16:28;16:58;17:28;17:58;18:28;18:58;19:28;19:58;20:28;20:58;21:28;21:58;22:28;22:58;
19;Päätepysäkiltä Aitolahdentie 36 (5126);ma-pe;6:30;6:50;7:10;7:30;7:50;8:10;8:30;8:50;9:10;9:30;14:50;15:10;15:30;15:50;16:10;16:30;16:50;17:10;
19;Päätepysäkiltä Aitolahdentie 36 (5126);la;
19;Päätepysäkiltä Aitolahdentie 36 (5126);su;
19;Päätepysäkiltä Keskustori G (11);ma-pe;7:00;7:20;7:40;8:00;8:20;8:40;14:00;14:20;14:40;15:00;15:20;15:40;16:00;16:20;16:40;17:00;17:20;17:40;
19;Päätepysäkiltä Keskustori G (11);la;
19;Päätepysäkiltä Keskustori G (11);su;
20;Päätepysäkiltä Hikivuori (4096);ma-pe;5:25;6:05;6:25;6:45;7:05;7:25;7:45;8:05;8:25;8:45;9:05;9:25;9:45;10:05;10:25;10:45;11:05;11:25;11:45;12:05;12:25;12:45;13:05;13:25;13:45;14:05;14:25;14:45;15:05;15:25;15:45;16:05;16:25;16:45;17:05;17:25;17:45;18:05;18:25;18:45;19:25;20:05;20:45;21:25;22:05;
20;Päätepysäkiltä Hikivuori (4096);la;9:25;10:05;10:45;11:25;12:05;12:45;13:25;14:05;14:45;15:25;16:05;16:45;17:25;
20;Päätepysäkiltä Hikivuori (4096);su;
20;Päätepysäkiltä Keskustori O (7);ma-pe;5:25;6:05;6:25;6:45;7:05;7:25;7:45;8:05;8:25;8:45;9:05;9:25;9:45;10:05;10:25;10:45;11:05;11:25;11:45;12:05;12:25;12:45;13:05;13:25;13:45;14:05;14:25;14:45;15:05;15:25;15:45;16:05;16:25;16:45;17:05;17:25;17:45;18:05;18:25;18:45;19:25;20:05;20:45;21:25;
20;Päätepysäkiltä Keskustori O (7);la;10:05;10:45;11:25;12:05;12:45;13:25;14:05;14:45;15:25;16:05;16:45;17:25;18:05;
20;Päätepysäkiltä Keskustori O (7);su;
21;Päätepysäkiltä Turtola (3563);ma-pe;5:20;5:50;6:20;6:50;7:20;7:50;8:20;8:50;9:20;9:50;10:20;10:50;11:20;11:50;12:20;12:50;13:20;13:50;14:20;14:50;15:20;15:50;16:20;16:50;17:20;17:50;18:20;18:50;19:20;19:50;20:20;20:50;21:20;21:50;22:20;
21;Päätepysäkiltä Turtola (3563);la;6:20;6:50;7:20;7:50;8:20;8:50;9:20;9:50;10:20;10:50;11:20;11:50;12:20;12:50;13:20;13:50;14:20;14:50;15:20;15:50;16:20;16:50;17:20;17:50;18:20;18:50;19:20;19:50;20:20;20:50;21:20;21:50;22:20;
21;Päätepysäkiltä Turtola (3563);su;9:20;9:50;10:20;10:50;11:20;11:50;12:20;12:50;13:20;13:50;14:20;14:50;15:20;15:50;16:20;16:50;17:20;17:50;18:20;18:50;19:20;19:50;20:20;20:50;21:20;21:50;
21;Väliasemalta Keskustori D (15) suuntaan Länsitori;ma-pe;5:43;6:13;6:43;7:13;7:47;8:17;8:47;9:17;9:47;10:17;10:47;11:17;11:47;12:17;12:47;13:17;13:47;14:05;14:17;14:47;15:05;15:17;15:47;16:05;16:17;16:47;17:05;17:17;17:47;18:17;18:47;19:17;19:43;20:13;20:43;21:13;21:43;22:13;22:43;
21;Väliasemalta Keskustori D (15) suuntaan Länsitori;la;6:43;7:13;7:43;8:13;8:43;9:13;9:47;10:17;10:47;11:17;11:47;12:17;12:47;13:17;13:47;14:17;14:47;15:17;15:47;16:17;16:47;17:17;17:43;18:13;18:43;19:13;19:43;20:13;20:43;21:13;21:43;22:13;22:43;
21;Väliasemalta Keskustori D (15) suuntaan Länsitori;su;9:43;10:13;10:43;11:13;11:43;12:13;12:43;13:13;13:43;14:13;14:43;15:13;15:43;16:13;16:43;17:13;17:43;18:13;18:43;19:13;19:43;20:13;20:43;21:13;21:43;22:13;
21;Väliasemalta Prisma Lielahti (1450) suuntaan Länsitori;ma-pe;5:55;6:25;6:55;7:25;8:00;8:30;9:00;9:30;10:00;10:30;11:00;11:30;12:00;12:30;13:00;13:30;14:00;14:18;14:30;15:00;15:18;15:30;16:00;16:18;16:30;17:00;17:18;17:30;18:00;18:30;19:00;19:30;19:55;20:25;20:55;21:25;21:55;22:25;22:55;
21;Väliasemalta Prisma Lielahti (1450) suuntaan Länsitori;la;6:55;7:25;7:55;8:25;8:55;9:25;10:00;10:30;11:00;11:30;12:00;12:30;13:00;13:30;14:00;14:30;15:00;15:30;16:00;16:30;17:00;17:30;17:55;18:25;18:55;19:25;19:55;20:25;20:55;21:25;21:55;22:25;22:55;
21;Väliasemalta Prisma Lielahti (1450) suuntaan Länsitori;su;9:55;10:25;10:55;11:25;11:55;12:25;12:55;13:25;13:55;14:25;14:55;15:25;15:55;16:25;16:55;17:25;17:55;18:25;18:55;19:25;19:55;20:25;20:55;21:25;21:55;22:25;
21;Päätepysäkiltä Länsitori (1532);ma-pe;5:00;5:30;6:00;6:30;7:00;7:30;8:00;8:30;9:00;9:30;10:00;10:30;11:00;11:30;12:00;12:30;13:00;13:30;14:00;14:30;15:00;15:30;16:00;16:30;17:00;17:30;18:00;18:30;18:50;19:20;19:50;20:20;20:50;21:20;21:50;
21;Päätepysäkiltä Länsitori (1532);la;6:20;6:50;7:20;7:50;8:20;8:50;9:20;9:50;10:20;10:50;11:20;11:50;12:20;12:50;13:20;13:50;14:20;14:50;15:20;15:50;16:20;16:50;17:20;17:50;18:20;18:50;19:20;19:50;20:20;20:50;21:20;21:50;22:20;
21;Päätepysäkiltä Länsitori (1532);su;9:20;9:50;10:20;10:50;11:20;11:50;12:20;12:50;13:20;13:50;14:20;14:50;15:20;15:50;16:20;16:50;17:20;17:50;18:20;18:50;19:20;19:50;20:20;20:50;21:20;21:50;
21;Väliasemalta Keskustori H (12) suuntaan Turtola;ma-pe;5:27;5:57;6:27;6:57;7:30;8:00;8:30;9:00;9:30;10:00;10:30;11:00;11:30;12:00;12:30;13:00;13:30;14:00;14:30;15:00;15:30;16:00;16:30;17:00;17:30;18:00;18:30;19:00;19:20;19:47;20:17;20:47;21:17;21:47;22:17;
21;Väliasemalta Keskustori H (12) suuntaan Turtola;la;6:47;7:17;7:47;8:17;8:47;9:17;9:50;10:20;10:50;11:20;11:50;12:20;12:50;13:20;13:50;14:20;14:50;15:20;15:50;16:20;16:50;17:20;17:48;18:18;18:47;19:17;19:47;20:17;20:47;21:17;21:47;22:17;22:47;
21;Väliasemalta Keskustori H (12) suuntaan Turtola;su;9:47;10:17;10:47;11:17;11:47;12:17;12:47;13:17;13:47;14:17;14:47;15:17;15:47;16:17;16:47;17:17;17:47;18:17;18:47;19:17;19:47;20:17;20:47;21:17;21:47;22:17;
Y21;Päätepysäkiltä Länsitori (1532);ma-pe;6:15;7:15;8:15;
Y21;Päätepysäkiltä Länsitori (1532);la;
Y21;Päätepysäkiltä Länsitori (1532);su;
Y21;Väliasemalta Keskustori F (10) suuntaan TAYS;ma-pe;6:42;7:45;8:45;
Y21;Väliasemalta Keskustori F (10) suuntaan TAYS;la;
Y21;Väliasemalta Keskustori F (10) suuntaan TAYS;su;
22;Päätepysäkiltä Annala (4045);ma-pe;4:20;5:00;5:20;5:40;6:00;6:15;6:30;6:45;7:00;7:10;7:20;7:30;7:40;7:50;8:00;8:10;8:20;8:30;8:40;8:50;9:00;9:10;9:20;9:30;9:45;10:00;10:15;10:30;10:45;11:00;11:15;11:30;11:45;12:00;12:15;12:30;12:45;13:00;13:15;13:30;13:45;14:00;14:15;14:30;14:40;14:50;15:00;15:10;15:20;15:30;15:40;15:50;16:00;16:10;16:20;16:30;16:40;16:50;17:00;17:15;17:30;17:45;18:00;18:15;18:30;18:45;19:00;19:15;19:30;19:45;20:00;20:20;20:40;21:00;21:20;21:40;22:00;22:30;23:35;0:35;1:35;
22;Päätepysäkiltä Annala (4045);la;3:55;4:55;5:55;6:20;6:40;7:00;7:20;7:40;8:00;8:20;8:40;9:00;9:20;9:40;10:00;10:20;10:40;11:00;11:20;11:40;12:00;12:20;12:40;13:00;13:20;13:40;14:00;14:20;14:40;15:00;15:20;15:40;16:00;16:20;16:40;17:00;17:20;17:40;18:00;18:20;18:40;19:00;19:20;19:40;20:00;20:20;20:40;21:00;21:20;21:40;22:00;22:30;23:35;0:35;1:35;
22;Päätepysäkiltä Annala (4045);su;3:55;4:55;5:55;6:55;7:55;8:55;9:20;9:40;10:00;10:20;10:40;11:00;11:20;11:40;12:00;12:20;12:40;13:00;13:20;13:40;14:00;14:20;14:40;15:00;15:20;15:40;16:00;16:20;16:40;17:00;17:20;17:40;18:00;18:20;18:40;19:00;19:20;19:40;20:00;20:20;20:40;21:00;21:20;21:40;22:00;22:30;23:35;0:35;
22;Väliasemalta Keskustori C (35) suuntaan Pyynikintori;ma-pe;4:46;5:26;5:46;6:06;6:26;6:41;6:56;7:11;7:30;7:40;7:50;8:00;8:10;8:20;8:30;8:40;8:50;9:00;9:10;9:20;9:30;9:40;9:50;10:00;10:15;10:30;10:45;11:00;11:15;11:30;11:45;12:00;12:15;12:30;12:45;13:00;13:15;13:30;13:45;14:00;14:15;14:30;14:45;15:00;15:10;15:20;15:30;15:40;15:50;16:00;16:10;16:20;16:30;16:40;16:50;17:00;17:10;17:20;17:30;17:45;18:00;18:15;18:30;18:45;19:00;19:15;19:26;19:41;19:56;20:11;20:26;20:46;21:06;21:26;21:46;22:06;22:26;22:56;0:01;1:01;2:01;
22;Väliasemalta Keskustori C (35) suuntaan Pyynikintori;la;4:21;5:21;6:21;6:46;7:06;7:26;7:46;8:06;8:26;8:46;9:06;9:30;9:50;10:10;10:30;10:50;11:10;11:30;11:50;12:10;12:30;12:50;13:10;13:30;13:50;14:10;14:30;14:50;15:10;15:30;15:50;16:10;16:30;16:50;17:10;17:26;17:46;18:06;18:26;18:46;19:06;19:26;19:46;20:06;20:26;20:46;21:06;21:26;21:46;22:06;22:26;22:56;0:01;1:01;2:01;
22;Väliasemalta Keskustori C (35) suuntaan Pyynikintori;su;4:21;5:21;6:21;7:21;8:21;9:21;9:46;10:06;10:26;10:46;11:06;11:26;11:46;12:06;12:26;12:46;13:06;13:26;13:46;14:06;14:26;14:46;15:06;15:26;15:46;16:06;16:26;16:46;17:06;17:26;17:46;18:06;18:26;18:46;19:06;19:26;19:46;20:06;20:26;20:46;21:06;21:26;21:46;22:06;22:26;22:56;0:01;1:01;
22;Päätepysäkiltä Pyynikintori (31);ma-pe;3:50;4:50;5:30;6:08;6:23;6:38;6:53;7:08;7:23;7:38;7:50;8:00;8:10;8:20;8:30;8:40;8:53;9:08;9:23;9:38;9:53;10:08;10:23;10:38;10:53;11:08;11:23;11:38;11:53;12:08;12:23;12:38;12:53;13:08;13:23;13:38;13:50;14:00;14:10;14:20;14:30;14:40;14:50;15:00;15:10;15:20;15:30;15:40;15:50;16:00;16:10;16:20;16:30;16:40;16:50;17:00;17:10;17:20;17:30;17:40;17:53;18:08;18:23;18:38;18:53;19:08;19:23;19:38;19:53;20:08;20:23;20:40;21:00;21:20;21:40;22:00;22:30;23:05;0:05;1:05;2:05;
22;Päätepysäkiltä Pyynikintori (31);la;3:25;4:25;5:25;6:25;7:00;7:20;7:40;8:00;8:20;8:40;9:00;9:20;9:40;10:00;10:20;10:40;11:00;11:20;11:40;12:00;12:20;12:40;13:00;13:20;13:40;14:00;14:20;14:40;15:00;15:20;15:40;16:00;16:20;16:40;17:00;17:20;17:40;18:00;18:20;18:40;19:00;19:20;19:40;20:00;20:20;20:40;21:00;21:20;21:40;22:00;22:30;23:05;0:05;1:05;2:05;
22;Päätepysäkiltä Pyynikintori (31);su;3:25;4:25;5:25;6:25;7:25;8:25;9:25;10:00;10:20;10:40;11:00;11:20;11:40;12:00;12:20;12:40;13:00;13:20;13:40;14:00;14:20;14:40;15:00;15:20;15:40;16:00;16:20;16:40;17:00;17:20;17:40;18:00;18:20;18:40;19:00;19:20;19:40;20:00;20:20;20:40;21:00;21:20;21:40;22:00;22:30;23:05;0:05;
22;Väliasemalta Keskustori K (13) suuntaan Annala;ma-pe;3:55;4:55;5:35;6:13;6:28;6:43;6:58;7:13;7:28;7:43;7:55;8:05;8:15;8:25;8:35;8:45;8:58;9:13;9:28;9:43;9:58;10:13;10:28;10:43;10:58;11:13;11:28;11:43;11:58;12:13;12:28;12:43;12:58;13:13;13:28;13:43;13:55;14:05;14:15;14:25;14:35;14:45;14:55;15:05;15:15;15:25;15:35;15:45;15:55;16:05;16:15;16:25;16:35;16:45;16:55;17:05;17:15;17:25;17:35;17:45;17:58;18:13;18:28;18:43;18:58;19:13;19:28;19:43;19:58;20:13;20:28;20:45;21:05;21:25;21:45;22:05;22:35;23:10;0:10;1:10;2:10;
22;Väliasemalta Keskustori K (13) suuntaan Annala;la;3:30;4:30;5:30;6:30;7:05;7:25;7:45;8:05;8:25;8:45;9:05;9:25;9:45;10:05;10:25;10:45;11:05;11:25;11:45;12:05;12:25;12:45;13:05;13:25;13:45;14:05;14:25;14:45;15:05;15:25;15:45;16:05;16:25;16:45;17:05;17:25;17:45;18:05;18:25;18:45;19:05;19:25;19:45;20:05;20:25;20:45;21:05;21:25;21:45;22:05;22:35;23:10;0:10;1:10;2:10;
22;Väliasemalta Keskustori K (13) suuntaan Annala;su;3:30;4:30;5:30;6:30;7:30;8:30;9:30;10:05;10:25;10:45;11:05;11:25;11:45;12:05;12:25;12:45;13:05;13:25;13:45;14:05;14:25;14:45;15:05;15:25;15:45;16:05;16:25;16:45;17:05;17:25;17:45;18:05;18:25;18:45;19:05;19:25;19:45;20:05;20:25;20:45;21:05;21:25;21:45;22:05;22:35;23:10;0:10;
23;Päätepysäkiltä Länsi-Hervanta (3598);ma-pe;5:05;5:25;5:45;6:05;6:25;6:45;7:05;7:15;7:25;7:35;7:45;8:05;8:15;8:25;8:35;8:45;9:00;9:15;9:30;9:45;10:05;10:25;10:45;11:05;11:25;11:45;12:05;12:25;12:45;13:05;13:25;13:45;14:05;14:21;14:33;14:45;14:57;15:09;15:21;15:33;15:45;15:57;16:09;16:21;16:33;16:45;16:57;17:09;17:21;17:35;17:55;18:15;18:35;18:55;19:15;19:35;19:55;20:15;20:35;20:55;21:15;21:35;21:55;22:15;22:45;
23;Päätepysäkiltä Länsi-Hervanta (3598);la;6:05;6:35;6:55;7:15;7:35;7:55;8:15;8:35;8:55;9:15;9:35;9:55;10:15;10:35;10:55;11:15;11:35;11:55;12:15;12:35;12:55;13:15;13:35;13:55;14:15;14:35;14:55;15:15;15:35;15:55;16:15;16:35;16:55;17:15;17:35;17:55;18:15;18:35;18:55;19:15;19:35;19:55;20:15;20:35;20:55;21:15;21:35;21:55;22:15;22:45;
23;Päätepysäkiltä Länsi-Hervanta (3598);su;9:20;9:50;10:20;10:50;11:20;11:50;12:20;12:50;13:20;13:50;14:20;14:50;15:20;15:50;16:20;16:50;17:20;17:50;18:20;18:50;19:20;19:50;20:20;20:50;21:20;21:50;22:20;22:45;
23;Päätepysäkiltä Keskustori N (8);ma-pe;5:35;5:55;6:15;6:35;6:55;7:15;7:30;7:45;7:55;8:05;8:15;8:30;8:45;9:00;9:15;9:35;9:55;10:15;10:35;10:55;11:15;11:35;11:55;12:15;12:35;12:55;13:15;13:35;13:51;14:03;14:15;14:27;14:39;14:51;15:03;15:15;15:27;15:39;15:51;16:03;16:15;16:27;16:39;16:51;17:03;17:15;17:27;17:39;17:51;18:03;18:20;18:40;19:00;19:20;19:40;20:00;20:20;20:40;21:00;21:20;21:40;22:00;22:20;22:40;
23;Päätepysäkiltä Keskustori N (8);la;6:30;7:00;7:20;7:40;8:00;8:20;8:40;9:00;9:20;9:40;10:00;10:20;10:40;11:00;11:20;11:40;12:00;12:20;12:40;13:00;13:20;13:40;14:00;14:20;14:40;15:00;15:20;15:40;16:00;16:20;16:40;17:00;17:20;17:40;18:00;18:20;18:40;19:00;19:20;19:40;20:00;20:20;20:40;21:00;21:20;21:40;22:00;22:20;22:40;
23;Päätepysäkiltä Keskustori N (8);su;9:20;9:45;10:15;10:45;11:15;11:45;12:15;12:45;13:15;13:45;14:15;14:45;15:15;15:45;16:15;16:45;17:15;17:45;18:15;18:45;19:15;19:45;20:15;20:45;21:15;21:45;22:15;22:45;
Y23;Päätepysäkiltä Länsi-Hervanta (3614);ma-pe;4:15;23:35;0:35;1:35;
Y23;Päätepysäkiltä Länsi-Hervanta (3614);la;3:55;4:55;23:35;0:35;1:35;
Y23;Päätepysäkiltä Länsi-Hervanta (3614);su;3:55;4:55;5:55;6:55;7:55;8:55;23:35;0:35;
Y23;Päätepysäkiltä Keskustori N (8);ma-pe;3:50;4:45;23:10;0:10;1:10;2:10;
Y23;Päätepysäkiltä Keskustori N (8);la;3:30;4:30;23:10;0:10;1:10;2:10;
Y23;Päätepysäkiltä Keskustori N (8);su;3:30;4:30;5:30;6:30;7:30;8:30;23:10;0:10;
24;Päätepysäkiltä Itä-Hervanta (3713);ma-pe;6:20;7:20;7:40;8:00;8:20;9:00;14:00;14:20;14:40;15:00;15:20;15:40;16:00;16:20;16:40;17:00;17:20;17:40;18:00;
24;Päätepysäkiltä Itä-Hervanta (3713);la;
24;Päätepysäkiltä Itä-Hervanta (3713);su;
24;Päätepysäkiltä Aleksis Kiven katu (70);ma-pe;6:50;7:10;7:30;7:50;8:10;8:30;8:50;9:30;14:30;14:50;15:10;15:30;15:50;16:10;16:30;16:50;17:10;17:30;
24;Päätepysäkiltä Aleksis Kiven katu (70);la;
24;Päätepysäkiltä Aleksis Kiven katu (70);su;
25;Päätepysäkiltä Janka (4569);ma-pe;5:20;5:50;6:20;6:42;7:02;7:22;7:42;8:02;8:22;8:42;9:02;9:22;9:42;10:02;10:22;10:42;11:02;11:22;11:42;12:02;12:22;12:42;13:02;13:22;13:42;14:02;14:22;14:42;15:02;15:22;15:42;16:02;16:22;16:42;17:02;17:22;17:42;18:10;18:40;19:10;19:40;20:10;20:40;21:10;21:40;22:10;22:40;
25;Päätepysäkiltä Janka (4569);la;6:10;6:40;7:10;7:40;8:10;8:40;9:10;9:40;10:10;10:40;11:10;11:40;12:10;12:40;13:10;13:40;14:10;14:40;15:10;15:40;16:10;16:40;17:10;17:40;18:10;18:40;19:10;19:40;20:10;20:40;21:10;21:40;22:10;22:40;
25;Päätepysäkiltä Janka (4569);su;9:10;9:40;10:10;10:40;11:10;11:40;12:10;12:40;13:10;13:40;14:10;14:40;15:10;15:40;16:10;16:40;17:10;17:40;18:10;18:40;19:10;19:40;20:10;20:40;21:10;21:40;22:10;
25;Väliasemalta Keskustori D (15) suuntaan Tahmela;ma-pe;5:37;6:07;6:37;6:59;7:22;7:42;8:02;8:22;8:42;9:02;9:22;9:42;10:02;10:22;10:42;11:02;11:22;11:42;12:02;12:22;12:42;13:02;13:22;13:42;14:02;14:22;14:42;15:02;15:22;15:42;16:02;16:22;16:42;17:02;17:22;17:42;18:02;18:30;19:00;19:27;19:57;20:27;20:57;21:27;21:57;22:27;22:57;
25;Väliasemalta Keskustori D (15) suuntaan Tahmela;la;6:27;6:57;7:27;7:57;8:27;8:57;9:30;10:00;10:30;11:00;11:30;12:00;12:30;13:00;13:30;14:00;14:30;15:00;15:30;16:00;16:30;17:00;17:27;17:57;18:27;18:57;19:27;19:57;20:27;20:57;21:27;21:57;22:27;22:57;
25;Väliasemalta Keskustori D (15) suuntaan Tahmela;su;9:27;9:57;10:27;10:57;11:27;11:57;12:27;12:57;13:27;13:57;14:27;14:57;15:27;15:57;16:27;16:57;17:27;17:57;18:27;18:57;19:27;19:57;20:27;20:57;21:27;21:57;22:27;
25;Päätepysäkiltä Tahmela (2017);ma-pe;5:05;5:35;6:05;6:35;7:02;7:22;7:42;8:02;8:22;8:42;9:02;9:22;9:42;10:02;10:22;10:42;11:02;11:22;11:42;12:02;12:22;12:42;13:02;13:22;13:42;14:02;14:22;14:42;15:02;15:22;15:42;16:02;16:22;16:42;17:02;17:22;17:42;18:02;18:25;18:55;19:25;19:55;20:25;20:55;21:25;21:55;22:25;23:10;
25;Päätepysäkiltä Tahmela (2017);la;6:25;6:55;7:25;7:55;8:25;8:55;9:25;9:55;10:25;10:55;11:25;11:55;12:25;12:55;13:25;13:55;14:25;14:55;15:25;15:55;16:25;16:55;17:25;17:55;18:25;18:55;19:25;19:55;20:25;20:55;21:25;21:55;22:25;23:10;
25;Päätepysäkiltä Tahmela (2017);su;9:25;9:55;10:25;10:55;11:25;11:55;12:25;12:55;13:25;13:55;14:25;14:55;15:25;15:55;16:25;16:55;17:25;17:55;18:25;18:55;19:25;19:55;20:25;20:55;21:25;21:55;22:25;
25;Väliasemalta Keskustori F (10) suuntaan Janka;ma-pe;5:18;5:48;6:18;6:48;7:15;7:35;7:55;8:15;8:35;8:55;9:15;9:35;9:55;10:15;10:35;10:55;11:15;11:35;11:55;12:15;12:35;12:55;13:15;13:35;13:55;14:15;14:35;14:55;15:15;15:35;15:55;16:15;16:35;16:55;17:15;17:35;17:55;18:15;18:38;19:08;19:38;20:08;20:38;21:08;21:38;22:08;22:38;
25;Väliasemalta Keskustori F (10) suuntaan Janka;la;6:38;7:08;7:38;8:08;8:38;9:08;9:38;10:08;10:38;11:08;11:38;12:08;12:38;13:08;13:38;14:08;14:38;15:08;15:38;16:08;16:38;17:08;17:38;18:08;18:38;19:08;19:38;20:08;20:38;21:08;21:38;22:08;22:38;
25;Väliasemalta Keskustori F (10) suuntaan Janka;su;9:38;10:08;10:38;11:08;11:38;12:08;12:38;13:08;13:38;14:08;14:38;15:08;15:38;16:08;16:38;17:08;17:38;18:08;18:38;19:08;19:38;20:08;20:38;21:08;21:38;22:08;22:38;
26;Päätepysäkiltä Multisilta (3022);ma-pe;4:15;5:15;5:45;6:15;6:45;7:15;7:45;8:15;8:45;9:15;9:45;10:15;10:45;11:15;11:45;12:15;12:45;13:15;13:45;14:15;14:45;15:15;15:45;16:15;16:45;17:15;17:45;18:15;18:45;19:15;19:45;20:15;20:45;21:15;21:45;22:15;23:30;0:30;1:30;
26;Päätepysäkiltä Multisilta (3022);la;5:05;6:15;6:45;7:15;7:45;8:15;8:45;9:15;9:45;10:15;10:45;11:15;11:45;12:15;12:45;13:15;13:45;14:15;14:45;15:15;15:45;16:15;16:45;17:15;17:45;18:15;18:45;19:15;19:45;20:15;20:45;21:15;21:45;22:15;23:30;0:30;1:30;
26;Päätepysäkiltä Multisilta (3022);su;5:05;6:05;7:05;8:05;9:15;9:45;10:15;10:45;11:15;11:45;12:15;12:45;13:15;13:45;14:15;14:45;15:15;15:45;16:15;16:45;17:15;17:45;18:15;18:45;19:15;19:45;20:15;20:45;21:15;21:45;22:15;23:30;
26;Väliasemalta Keskustori B (36) suuntaan Kaarila;ma-pe;5:35;6:05;6:35;7:05;7:37;8:07;8:37;9:07;9:37;10:07;10:37;11:07;11:37;12:07;12:37;13:07;13:37;14:07;14:37;15:07;15:37;16:07;16:37;17:07;17:37;18:07;18:37;19:07;19:35;20:05;20:35;21:05;21:35;22:05;22:35;
26;Väliasemalta Keskustori B (36) suuntaan Kaarila;la;6:35;7:05;7:35;8:05;8:35;9:05;9:37;10:07;10:37;11:07;11:37;12:07;12:37;13:07;13:37;14:07;14:37;15:07;15:37;16:07;16:37;17:07;17:35;18:05;18:35;19:05;19:35;20:05;20:35;21:05;21:35;22:05;22:35;
26;Väliasemalta Keskustori B (36) suuntaan Kaarila;su;9:35;10:05;10:35;11:05;11:35;12:05;12:35;13:05;13:35;14:05;14:35;15:05;15:35;16:05;16:35;17:05;17:35;18:05;18:35;19:05;19:35;20:05;20:35;21:05;21:35;22:05;22:35;
26;Päätepysäkiltä Kaarila (1900);ma-pe;5:00;5:30;6:00;6:30;7:00;7:15;7:30;8:00;8:30;9:00;9:30;10:00;10:30;11:00;11:30;12:00;12:30;13:00;13:30;14:00;14:30;15:00;15:30;16:00;16:30;17:00;17:30;18:00;18:30;19:00;19:30;20:00;20:30;21:00;21:30;22:00;22:30;
26;Päätepysäkiltä Kaarila (1900);la;6:00;6:30;7:00;7:30;8:00;8:30;9:00;9:30;10:00;10:30;11:00;11:30;12:00;12:30;13:00;13:30;14:00;14:30;15:00;15:30;16:00;16:30;17:00;17:30;18:00;18:30;19:00;19:30;20:00;20:30;21:00;21:30;22:00;22:30;
26;Päätepysäkiltä Kaarila (1900);su;9:00;9:30;10:00;10:30;11:00;11:30;12:00;12:30;13:00;13:30;14:00;14:30;15:00;15:30;16:00;16:30;17:00;17:30;18:00;18:30;19:00;19:30;20:00;20:30;21:00;21:30;22:00;22:30;
26;Väliasemalta Keskustori H (12) suuntaan Multisilta;ma-pe;4:45;5:17;5:35;5:47;6:17;6:47;7:20;7:50;8:20;8:50;9:20;9:50;10:20;10:50;11:20;11:50;12:20;12:50;13:20;13:50;14:20;14:50;15:20;15:50;16:20;16:50;17:20;17:50;18:20;18:50;19:17;19:47;20:17;20:47;21:17;21:47;22:17;22:47;0:05;1:05;2:05;
26;Väliasemalta Keskustori H (12) suuntaan Multisilta;la;4:10;5:40;6:17;6:47;7:17;7:47;8:17;8:47;9:18;9:48;10:18;10:48;11:18;11:48;12:18;12:48;13:18;13:48;14:18;14:48;15:18;15:48;16:18;16:48;17:17;17:47;18:17;18:47;19:17;19:47;20:17;20:47;21:17;21:47;22:17;22:47;0:05;1:05;2:05;
26;Väliasemalta Keskustori H (12) suuntaan Multisilta;su;4:10;5:40;6:40;7:40;8:40;9:17;9:47;10:17;10:47;11:17;11:47;12:17;12:47;13:17;13:47;14:17;14:47;15:17;15:47;16:17;16:47;17:17;17:47;18:17;18:47;19:17;19:47;20:17;20:47;21:17;21:47;22:17;22:47;0:05;
27;Päätepysäkiltä Irjala (5055);ma-pe;4:55;5:25;5:55;6:25;6:55;7:25;7:55;8:25;8:55;9:25;9:55;10:25;10:55;11:25;11:55;12:25;12:55;13:25;13:55;14:25;14:55;15:25;15:55;16:25;16:55;17:25;17:55;18:25;18:55;19:25;19:55;20:25;20:55;21:25;21:55;22:25;
27;Päätepysäkiltä Irjala (5055);la;6:25;6:55;7:25;7:55;8:25;8:55;9:25;9:55;10:25;10:55;11:25;11:55;12:25;12:55;13:25;13:55;14:25;14:55;15:25;15:55;16:25;16:55;17:25;17:55;18:25;18:55;19:25;19:55;20:25;20:55;21:25;21:55;22:25;
27;Päätepysäkiltä Irjala (5055);su;8:55;9:25;9:55;10:25;10:55;11:25;11:55;12:25;12:55;13:25;13:55;14:25;14:55;15:25;15:55;16:25;16:55;17:25;17:55;18:25;18:55;19:25;19:55;20:25;20:55;21:25;21:55;
27;Väliasemalta Keskustori D (15) suuntaan Ryydynpohja;ma-pe;5:17;5:47;6:17;6:47;7:17;7:50;8:20;8:50;9:20;9:50;10:20;10:50;11:20;11:50;12:20;12:50;13:20;13:50;14:20;14:50;15:20;15:50;16:20;16:50;17:20;17:50;18:20;18:50;19:20;19:47;20:17;20:47;21:17;21:47;22:17;22:47;
27;Väliasemalta Keskustori D (15) suuntaan Ryydynpohja;la;6:47;7:17;7:47;8:17;8:47;9:17;9:50;10:20;10:50;11:20;11:50;12:20;12:50;13:20;13:50;14:20;14:50;15:20;15:50;16:20;16:50;17:20;17:47;18:17;18:47;19:17;19:47;20:17;20:47;21:17;21:47;22:17;22:47;
27;Väliasemalta Keskustori D (15) suuntaan Ryydynpohja;su;9:17;9:47;10:17;10:47;11:17;11:47;12:17;12:47;13:17;13:47;14:17;14:47;15:17;15:47;16:17;16:47;17:17;17:47;18:17;18:47;19:17;19:47;20:17;20:47;21:17;21:47;22:17;
27;Päätepysäkiltä Ryydynpohja (1071);ma-pe;5:25;5:55;6:25;6:55;7:20;7:55;8:20;8:55;9:25;9:55;10:25;10:55;11:25;11:55;12:25;12:55;13:25;13:55;14:25;14:55;15:25;15:55;16:25;16:55;17:25;17:55;18:25;18:55;19:25;19:55;20:25;20:55;21:25;21:55;
27;Päätepysäkiltä Ryydynpohja (1071);la;5:55;6:25;6:55;7:25;7:55;8:25;8:55;9:25;9:55;10:25;10:55;11:25;11:55;12:25;12:55;13:25;13:55;14:25;14:55;15:25;15:55;16:25;16:55;17:25;17:55;18:25;18:55;19:25;19:55;20:25;20:55;21:25;21:55;
27;Päätepysäkiltä Ryydynpohja (1071);su;9:25;9:55;10:25;10:55;11:25;11:55;12:25;12:55;13:25;13:55;14:25;14:55;15:25;15:55;16:25;16:55;17:25;17:55;18:25;18:55;19:25;19:55;20:25;20:55;21:25;21:55;
27;Väliasemalta Keskustori F (10) suuntaan Irjala;ma-pe;5:48;6:18;6:48;7:18;7:45;8:20;8:45;9:20;9:50;10:20;10:50;11:20;11:50;12:20;12:50;13:20;13:50;14:20;14:50;15:20;15:50;16:20;16:50;17:20;17:50;18:20;18:50;19:20;19:48;20:18;20:48;21:18;21:48;22:18;
27;Väliasemalta Keskustori F (10) suuntaan Irjala;la;6:18;6:48;7:18;7:48;8:18;8:48;9:18;9:50;10:20;10:50;11:20;11:50;12:20;12:50;13:20;13:50;14:20;14:50;15:20;15:50;16:20;16:50;17:20;17:48;18:18;18:48;19:18;19:48;20:18;20:48;21:18;21:48;22:18;
27;Väliasemalta Keskustori F (10) suuntaan Irjala;su;9:48;10:18;10:48;11:18;11:48;12:18;12:48;13:18;13:48;14:18;14:48;15:18;15:48;16:18;16:48;17:18;17:48;18:18;18:48;19:18;19:48;20:18;20:48;21:18;21:48;22:18;
28;Päätepysäkiltä Sorilan koulu (5221);ma-pe;4:10;5:00;5:20;6:20;6:40;7:00;7:10;7:20;7:20;7:40;8:00;8:20;8:40;9:05;9:35;10:05;10:35;11:05;11:35;12:05;12:35;13:05;13:35;14:05;14:35;15:05;15:45;16:05;16:35;17:05;17:35;18:05;18:35;19:05;19:35;20:05;21:00;21:50;23:10;
28;Päätepysäkiltä Sorilan koulu (5221);la;6:00;6:35;7:05;7:35;8:05;8:35;9:05;9:35;10:05;10:35;11:05;11:35;12:05;12:35;13:05;13:35;14:05;14:35;15:05;15:35;16:05;16:35;17:05;17:35;18:05;18:35;19:05;19:35;20:05;20:35;21:05;21:35;23:10;
28;Päätepysäkiltä Sorilan koulu (5221);su;9:00;9:35;10:05;10:35;11:05;11:35;12:05;12:35;13:05;13:35;14:05;14:35;15:05;15:35;16:05;16:35;17:05;17:35;18:05;18:35;19:05;19:35;20:05;20:35;21:05;21:35;23:10;
28;Väliasemalta Keskustori C (35) suuntaan Pyynikintori;ma-pe;4:38;5:28;6:48;7:08;7:32;7:42;7:52;7:52;8:12;8:32;8:52;9:12;9:37;10:07;10:37;11:07;11:37;12:07;12:37;13:07;13:37;14:07;14:37;15:07;15:37;16:17;16:37;17:07;17:37;18:07;18:37;19:07;19:33;20:03;20:33;21:28;22:18;
28;Väliasemalta Keskustori C (35) suuntaan Pyynikintori;la;6:26;7:01;7:33;8:03;8:33;9:03;9:37;10:07;10:37;11:07;11:37;12:07;12:37;13:07;13:37;14:07;14:37;15:07;15:37;16:07;16:37;17:07;17:33;18:03;18:33;19:03;19:33;20:03;20:33;21:03;21:33;22:03;
28;Väliasemalta Keskustori C (35) suuntaan Pyynikintori;su;9:26;10:01;10:33;11:03;11:33;12:03;12:33;13:03;13:33;14:03;14:33;15:03;15:33;16:03;16:33;17:03;17:33;18:03;18:33;19:03;19:33;20:03;20:33;21:03;21:33;22:03;
28;Päätepysäkiltä Pyynikintori (31);ma-pe;4:45;5:35;6:25;6:55;7:25;7:45;8:25;8:45;9:25;9:45;10:25;10:45;11:25;11:45;12:25;12:45;13:25;13:45;14:25;14:45;15:05;15:25;15:45;16:05;16:25;16:45;17:25;17:45;18:25;18:45;19:25;19:45;20:25;20:45;21:35;22:35;
28;Päätepysäkiltä Pyynikintori (31);la;6:30;7:20;7:50;8:20;8:50;9:20;9:50;10:20;10:50;11:20;11:50;12:20;12:50;13:20;13:50;14:20;14:50;15:20;15:50;16:20;16:50;17:20;17:50;18:20;18:50;19:20;19:50;20:20;20:50;21:20;21:50;22:20;
28;Päätepysäkiltä Pyynikintori (31);su;9:30;10:20;10:50;11:20;11:50;12:20;12:50;13:20;13:50;14:20;14:50;15:20;15:50;16:20;16:50;17:20;17:50;18:20;18:50;19:20;19:50;20:20;20:50;21:20;21:50;22:20;
28;Väliasemalta Keskustori G (11) suuntaan Sorilan koulu;ma-pe;4:50;5:40;6:30;7:00;7:30;7:50;8:30;8:50;9:30;9:50;10:30;10:50;11:30;11:50;12:30;12:50;13:30;13:50;14:30;14:50;15:10;15:30;15:50;16:10;16:30;16:50;17:30;17:50;18:30;18:50;19:30;19:50;20:30;20:50;21:40;22:40;
28;Väliasemalta Keskustori G (11) suuntaan Sorilan koulu;la;6:35;7:25;7:55;8:25;8:55;9:25;9:55;10:25;10:55;11:25;11:55;12:25;12:55;13:25;13:55;14:25;14:55;15:25;15:55;16:25;16:55;17:25;17:55;18:25;18:55;19:25;19:55;20:25;20:55;21:25;21:55;22:25;
28;Väliasemalta Keskustori G (11) suuntaan Sorilan koulu;su;9:35;10:25;10:55;11:25;11:55;12:25;12:55;13:25;13:55;14:25;14:55;15:25;15:55;16:25;16:55;17:25;17:55;18:25;18:55;19:25;19:55;20:25;20:55;21:25;21:55;22:25;
Y28;Päätepysäkiltä Lintukalliontie (5211);ma-pe;0:10;1:10;
Y28;Päätepysäkiltä Lintukalliontie (5211);la;4:00;5:00;0:10;1:10;
Y28;Päätepysäkiltä Lintukalliontie (5211);su;4:00;5:00;6:00;7:00;8:00;0:10;
Y28;Päätepysäkiltä Keskustori I (42);ma-pe;23:40;0:40;1:40;
Y28;Päätepysäkiltä Keskustori I (42);la;3:30;4:30;5:30;23:40;0:40;1:40;
Y28;Päätepysäkiltä Keskustori I (42);su;3:30;4:30;5:30;6:30;7:30;8:30;23:40;0:40;
Y28;Väliasemalta Atala (5264) suuntaan Lintukalliontie;ma-pe;0:01;1:01;2:01;
Y28;Väliasemalta Atala (5264) suuntaan Lintukalliontie;la;3:51;4:51;5:51;0:01;1:01;2:01;
Y28;Väliasemalta Atala (5264) suuntaan Lintukalliontie;su;3:51;4:51;5:51;6:51;7:51;8:51;0:01;1:01;
29;Päätepysäkiltä Aitolahdentie 36 (5126);ma-pe;5:00;5:20;5:40;6:00;6:20;6:40;7:00;7:20;7:40;8:00;8:20;8:40;9:00;9:20;9:40;10:00;10:20;10:40;11:00;11:20;11:40;12:00;12:20;12:40;13:00;13:20;13:40;14:00;14:20;14:40;15:00;15:20;15:40;16:00;16:20;16:40;17:00;17:20;17:40;18:00;18:20;18:40;19:00;19:20;19:40;20:00;20:20;20:50;21:20;21:50;22:20;
29;Päätepysäkiltä Aitolahdentie 36 (5126);la;5:50;6:20;6:50;7:20;7:50;8:20;8:40;9:00;9:20;9:40;10:00;10:20;10:40;11:00;11:20;11:40;12:00;12:20;12:40;13:00;13:20;13:40;14:00;14:20;14:40;15:00;15:20;15:40;16:00;16:20;16:40;17:00;17:20;17:40;18:00;18:20;18:50;19:20;19:50;20:20;20:50;21:20;21:50;22:20;
29;Päätepysäkiltä Aitolahdentie 36 (5126);su;8:50;9:20;9:50;10:20;10:50;11:20;11:50;12:20;12:50;13:20;13:50;14:20;14:50;15:20;15:50;16:20;16:50;17:20;17:50;18:20;18:50;19:20;19:50;20:20;20:50;21:20;21:50;22:20;
29;Väliasemalta Keskustori B (36) suuntaan Korvenkatu 44;ma-pe;5:22;5:42;6:02;6:22;6:42;7:02;7:25;7:45;8:05;8:25;8:45;9:05;9:25;9:45;10:05;10:25;10:45;11:05;11:25;11:45;12:05;12:25;12:45;13:05;13:25;13:45;14:05;14:25;14:45;15:05;15:25;15:45;16:05;16:25;16:45;17:05;17:25;17:45;18:05;18:25;18:45;19:05;19:22;19:42;20:02;20:22;20:42;21:12;21:42;22:12;22:42;
29;Väliasemalta Keskustori B (36) suuntaan Korvenkatu 44;la;6:12;6:42;7:12;7:42;8:12;8:42;9:02;9:25;9:45;10:05;10:25;10:45;11:05;11:25;11:45;12:05;12:25;12:45;13:05;13:25;13:45;14:05;14:25;14:45;15:05;15:25;15:45;16:05;16:25;16:45;17:05;17:22;17:42;18:02;18:22;18:42;19:12;19:42;20:12;20:42;21:12;21:42;22:12;22:42;
29;Väliasemalta Keskustori B (36) suuntaan Korvenkatu 44;su;9:12;9:42;10:12;10:42;11:12;11:42;12:12;12:42;13:12;13:42;14:12;14:42;15:12;15:42;16:12;16:42;17:12;17:42;18:12;18:42;19:12;19:42;20:12;20:42;21:12;21:42;22:12;22:42;
29;Päätepysäkiltä Korvenkatu 44 (1570);ma-pe;5:10;5:30;5:50;6:10;6:30;6:50;7:10;7:30;7:50;8:10;8:30;8:50;9:10;9:30;9:50;10:10;10:30;10:50;11:10;11:30;11:50;12:10;12:30;12:50;13:10;13:30;13:50;14:10;14:30;14:50;15:10;15:30;15:50;16:10;16:30;16:50;17:10;17:30;17:50;18:10;18:30;18:50;19:10;19:35;20:05;20:35;21:05;21:35;22:05;22:35;
29;Päätepysäkiltä Korvenkatu 44 (1570);la;5:50;6:20;6:50;7:20;7:50;8:20;8:50;9:10;9:30;9:50;10:10;10:30;10:50;11:10;11:30;11:50;12:10;12:30;12:50;13:10;13:30;13:50;14:10;14:30;14:50;15:10;15:30;15:50;16:10;16:30;16:50;17:10;17:30;17:50;18:10;18:30;18:50;19:20;19:50;20:20;20:50;21:20;21:50;22:20;
29;Päätepysäkiltä Korvenkatu 44 (1570);su;8:50;9:20;9:50;10:20;10:50;11:20;11:50;12:20;12:50;13:20;13:50;14:20;14:50;15:20;15:50;16:20;16:50;17:20;17:50;18:20;18:50;19:20;19:50;20:20;20:50;21:20;21:50;22:20;
29;Väliasemalta Keskustori G (11) suuntaan Aitolahdentie 36;ma-pe;5:28;5:48;6:08;6:28;6:48;7:08;7:30;7:50;8:10;8:30;8:50;9:10;9:30;9:50;10:10;10:30;10:50;11:10;11:30;11:50;12:10;12:30;12:50;13:10;13:30;13:50;14:10;14:30;14:50;15:10;15:30;15:50;16:10;16:30;16:50;17:10;17:30;17:50;18:10;18:30;18:50;19:10;19:28;19:53;20:23;20:53;21:23;21:53;22:23;22:53;
29;Väliasemalta Keskustori G (11) suuntaan Aitolahdentie 36;la;6:08;6:38;7:08;7:38;8:08;8:38;9:08;9:30;9:50;10:10;10:30;10:50;11:10;11:30;11:50;12:10;12:30;12:50;13:10;13:30;13:50;14:10;14:30;14:50;15:10;15:30;15:50;16:10;16:30;16:50;17:10;17:28;17:48;18:08;18:28;18:48;19:08;19:38;20:08;20:38;21:08;21:38;22:08;22:38;
29;Väliasemalta Keskustori G (11) suuntaan Aitolahdentie 36;su;9:08;9:38;10:08;10:38;11:08;11:38;12:08;12:38;13:08;13:38;14:08;14:38;15:08;15:38;16:08;16:38;17:08;17:38;18:08;18:38;19:08;19:38;20:08;20:38;21:08;21:38;22:08;22:38;
30;Päätepysäkiltä Etelä-Hervanta (3615);ma-pe;4:10;4:50;5:10;5:30;5:50;6:00;6:10;6:20;6:30;6:40;6:50;7:00;7:10;7:20;7:30;7:40;7:50;8:00;8:10;8:20;8:30;8:40;8:50;9:00;9:15;9:30;9:45;10:00;10:15;10:30;10:45;11:00;11:15;11:30;11:45;12:00;12:15;12:30;12:45;13:00;13:15;13:30;13:45;14:00;14:15;14:30;14:40;14:50;15:00;15:10;15:20;15:30;15:40;15:50;16:00;16:10;16:20;16:30;16:40;16:50;17:00;17:10;17:20;17:30;17:45;18:00;18:15;18:30;18:45;19:00;19:15;19:30;19:45;20:00;20:20;20:40;21:00;21:20;21:40;22:00;22:20;22:40;23:00;23:20;23:40;0:10;1:10;2:10;3:10;
30;Päätepysäkiltä Etelä-Hervanta (3615);la;4:30;5:30;6:00;6:20;6:40;7:00;7:20;7:40;8:00;8:20;8:40;9:00;9:15;9:30;9:45;10:00;10:15;10:30;10:45;11:00;11:15;11:30;11:45;12:00;12:15;12:30;12:45;13:00;13:15;13:30;13:45;14:00;14:15;14:30;14:45;15:00;15:15;15:30;15:45;16:00;16:15;16:30;16:45;17:00;17:15;17:30;17:45;18:00;18:20;18:40;19:00;19:20;19:40;20:00;20:20;20:40;21:00;21:20;21:40;22:00;22:20;22:40;23:00;23:15;23:30;23:45;0:10;1:10;2:10;3:10;
30;Päätepysäkiltä Etelä-Hervanta (3615);su;4:30;5:30;6:30;7:30;8:30;9:00;9:15;9:30;9:45;10:00;10:15;10:30;10:45;11:00;11:15;11:30;11:45;12:00;12:15;12:30;12:45;13:00;13:15;13:30;13:45;14:00;14:15;14:30;14:45;15:00;15:15;15:30;15:45;16:00;16:15;16:30;16:45;17:00;17:15;17:30;17:45;18:00;18:20;18:40;19:00;19:20;19:40;20:00;20:20;20:40;21:00;21:20;21:40;22:10;23:10;0:10;
30;Päätepysäkiltä Keskustori M (1);ma-pe;3:40;4:40;5:20;5:40;6:00;6:20;6:40;7:00;7:20;7:35;7:45;7:55;8:05;8:20;8:35;8:50;9:05;9:20;9:35;9:50;10:05;10:20;10:35;10:50;11:05;11:20;11:35;11:50;12:05;12:20;12:35;12:50;13:05;13:20;13:35;13:50;14:05;14:15;14:25;14:35;14:45;14:55;15:05;15:15;15:25;15:35;15:45;15:55;16:05;16:15;16:25;16:35;16:45;16:55;17:05;17:15;17:25;17:35;17:45;17:55;18:05;18:20;18:35;18:50;19:05;19:20;19:35;19:50;20:05;20:20;20:35;20:50;21:10;21:30;21:50;22:10;22:30;22:50;23:10;23:40;0:40;1:40;2:40;3:40;
30;Päätepysäkiltä Keskustori M (1);la;4:00;5:00;6:10;6:30;6:50;7:10;7:30;7:50;8:10;8:30;8:50;9:10;9:30;9:50;10:05;10:20;10:35;10:50;11:05;11:20;11:35;11:50;12:05;12:20;12:35;12:50;13:05;13:20;13:35;13:50;14:05;14:20;14:35;14:50;15:05;15:20;15:35;15:50;16:05;16:20;16:35;16:50;17:05;17:20;17:35;17:50;18:05;18:20;18:35;18:50;19:10;19:30;19:50;20:10;20:30;20:50;21:10;21:30;21:50;22:10;22:30;22:50;23:10;23:40;0:40;1:40;2:40;3:40;
30;Päätepysäkiltä Keskustori M (1);su;4:00;5:00;6:00;7:00;8:00;9:00;9:20;9:35;9:50;10:05;10:20;10:35;10:50;11:05;11:20;11:35;11:50;12:05;12:20;12:35;12:50;13:05;13:20;13:35;13:50;14:05;14:20;14:35;14:50;15:05;15:20;15:35;15:50;16:05;16:20;16:35;16:50;17:05;17:20;17:35;17:50;18:05;18:20;18:35;18:50;19:10;19:30;19:50;20:10;20:30;20:50;21:10;21:30;21:50;22:10;22:40;23:40;0:40;
30;Väliasemalta Hervantakeskus (3642) suuntaan Etelä-Hervanta;ma-pe;3:56;4:56;5:36;5:56;6:16;6:36;6:56;7:18;7:38;7:53;8:03;8:13;8:23;8:38;8:53;9:08;9:22;9:37;9:52;10:07;10:22;10:37;10:52;11:07;11:22;11:37;11:52;12:07;12:22;12:37;12:52;13:07;13:22;13:37;13:52;14:07;14:23;14:33;14:43;14:53;15:03;15:13;15:23;15:33;15:43;15:53;16:03;16:13;16:23;16:33;16:43;16:53;17:03;17:13;17:23;17:33;17:43;17:53;18:03;18:13;18:23;18:38;18:53;19:08;19:21;19:36;19:51;20:06;20:21;20:36;20:51;21:06;21:26;21:46;22:06;22:26;22:46;23:06;23:26;23:56;0:56;1:56;2:56;3:56;
30;Väliasemalta Hervantakeskus (3642) suuntaan Etelä-Hervanta;la;4:16;5:16;6:26;6:46;7:06;7:26;7:46;8:06;8:26;8:46;9:06;9:27;9:47;10:07;10:22;10:37;10:52;11:07;11:22;11:37;11:52;12:07;12:22;12:37;12:52;13:07;13:22;13:37;13:52;14:07;14:22;14:37;14:52;15:07;15:22;15:37;15:52;16:07;16:22;16:37;16:52;17:07;17:21;17:36;17:51;18:06;18:21;18:36;18:51;19:06;19:26;19:46;20:06;20:26;20:46;21:06;21:26;21:46;22:06;22:26;22:46;23:06;23:26;23:56;0:56;1:56;2:56;3:56;
30;Väliasemalta Hervantakeskus (3642) suuntaan Etelä-Hervanta;su;4:16;5:16;6:16;7:16;8:16;9:16;9:36;9:51;10:06;10:21;10:36;10:51;11:06;11:21;11:36;11:51;12:06;12:21;12:36;12:51;13:06;13:21;13:36;13:51;14:06;14:21;14:36;14:51;15:06;15:21;15:36;15:51;16:06;16:21;16:36;16:51;17:06;17:21;17:36;17:51;18:06;18:21;18:36;18:51;19:06;19:26;19:46;20:06;20:26;20:46;21:06;21:26;21:46;22:06;22:26;22:56;23:56;0:56;
31;Päätepysäkiltä Korkinmäki (3060);ma-pe;7:30;8:30;9:30;10:30;11:30;12:30;13:30;14:30;15:30;16:30;17:30;18:30;19:30;20:30;
31;Päätepysäkiltä Korkinmäki (3060);la;9:30;10:30;11:30;12:30;13:30;14:30;15:30;16:30;17:30;
31;Päätepysäkiltä Korkinmäki (3060);su;
31;Väliasemalta Keskustori C (35) suuntaan Pyynikintori;ma-pe;7:50;8:50;9:50;10:50;11:50;12:50;13:50;14:50;15:50;16:50;17:50;18:50;19:49;20:49;
31;Väliasemalta Keskustori C (35) suuntaan Pyynikintori;la;9:50;10:50;11:50;12:50;13:50;14:50;15:50;16:50;17:49;
31;Väliasemalta Keskustori C (35) suuntaan Pyynikintori;su;
31;Päätepysäkiltä Pyynikintori (31);ma-pe;8:03;9:03;10:03;11:03;12:03;13:03;14:03;15:03;16:03;17:03;18:03;19:03;20:03;21:03;
31;Päätepysäkiltä Pyynikintori (31);la;10:03;11:03;12:03;13:03;14:03;15:03;16:03;17:03;18:03;
31;Päätepysäkiltä Pyynikintori (31);su;
31;Väliasemalta Keskustori K (13) suuntaan Korkinmäki;ma-pe;8:07;9:07;10:07;11:07;12:07;13:07;14:07;15:07;16:07;17:07;18:07;19:07;20:07;21:07;
31;Väliasemalta Keskustori K (13) suuntaan Korkinmäki;la;10:07;11:07;12:07;13:07;14:07;15:07;16:07;17:07;18:07;
31;Väliasemalta Keskustori K (13) suuntaan Korkinmäki;su;
32;Päätepysäkiltä Kaupin sairaala (5016);ma-pe;8:00;9:00;10:00;11:00;12:00;13:00;14:00;14:30;15:00;15:30;16:00;17:00;17:30;18:00;
32;Päätepysäkiltä Kaupin sairaala (5016);la;9:00;9:30;10:00;10:30;11:00;11:30;12:00;12:30;13:00;14:00;14:30;15:00;15:30;16:00;16:30;17:00;17:30;18:00;
32;Päätepysäkiltä Kaupin sairaala (5016);su;9:00;9:30;10:00;10:30;11:00;11:30;12:00;12:30;13:00;14:00;14:30;15:00;15:30;16:00;16:30;17:00;17:30;18:00;
32;Väliasemalta Keskustori F (10) suuntaan Hatanpään sairaala;ma-pe;8:15;9:15;10:15;12:15;13:15;
32;Väliasemalta Keskustori F (10) suuntaan Hatanpään sairaala;la;
32;Väliasemalta Keskustori F (10) suuntaan Hatanpään sairaala;su;
32;Päätepysäkiltä Hatanpään sairaala (2599);ma-pe;8:30;9:30;10:30;12:30;13:30;
32;Päätepysäkiltä Hatanpään sairaala (2599);la;
32;Päätepysäkiltä Hatanpään sairaala (2599);su;
32;Väliasemalta Keskustori D (15) suuntaan Kaupin sairaala;ma-pe;7:45;8:45;9:45;10:45;11:45;12:45;13:45;14:15;14:45;15:15;15:45;16:45;17:15;17:45;
32;Väliasemalta Keskustori D (15) suuntaan Kaupin sairaala;la;8:45;9:15;9:45;10:15;10:45;11:15;11:45;12:15;12:45;13:45;14:15;14:45;15:15;15:45;16:15;16:45;17:15;17:45;
32;Väliasemalta Keskustori D (15) suuntaan Kaupin sairaala;su;8:45;9:15;9:45;10:15;10:45;11:15;11:45;12:15;12:45;13:45;14:15;14:45;15:15;15:45;16:15;16:45;17:15;17:45;
Y35;Päätepysäkiltä Keskustori D (15);ma-pe;14:10;15:10;16:10;17:10;
Y35;Päätepysäkiltä Keskustori D (15);la;
Y35;Päätepysäkiltä Keskustori D (15);su;
Y35;Päätepysäkiltä Reuharinniemi (1100);ma-pe;6:15;7:15;8:25;14:40;15:40;16:40;17:40;
Y35;Päätepysäkiltä Reuharinniemi (1100);la;
Y35;Päätepysäkiltä Reuharinniemi (1100);su;
36;Päätepysäkiltä Multisilta (3022);ma-pe;7:00;7:30;8:00;8:30;9:00;9:30;10:00;10:30;11:00;11:30;12:00;12:30;13:00;13:30;14:00;14:30;15:00;15:30;16:00;16:30;17:00;
36;Päätepysäkiltä Multisilta (3022);la;
36;Päätepysäkiltä Multisilta (3022);su;
36;Väliasemalta Keskustori C (35) suuntaan Sandvik;ma-pe;4:55;5:25;5:55;6:25;6:55;7:25;7:55;8:25;8:55;9:25;9:55;10:25;10:55;11:25;11:55;12:25;12:55;13:25;13:55;14:25;14:55;15:25;15:55;16:25;16:55;17:25;18:35;19:45;20:45;21:45;
36;Väliasemalta Keskustori C (35) suuntaan Sandvik;la;5:30;6:30;11:00;12:00;13:45;14:45;15:45;17:00;18:00;
36;Väliasemalta Keskustori C (35) suuntaan Sandvik;su;5:30;6:30;11:00;12:00;13:45;14:45;15:45;17:00;18:00;
36;Päätepysäkiltä Sandvik (1809);ma-pe;6:10;6:35;7:05;7:35;8:05;8:35;9:05;9:35;10:05;10:35;11:05;11:35;12:10;12:40;13:10;13:40;14:10;14:40;15:10;15:40;16:10;16:40;17:10;17:40;18:10;19:10;20:10;21:10;22:10;
36;Päätepysäkiltä Sandvik (1809);la;11:30;12:30;14:10;15:10;16:10;17:30;18:30;
36;Päätepysäkiltä Sandvik (1809);su;11:30;12:30;14:10;15:10;16:10;17:30;18:30;
36;Väliasemalta Keskustori H (12) suuntaan Multisilta;ma-pe;6:34;7:04;7:35;8:05;8:35;9:05;9:35;10:05;10:35;11:05;11:35;12:05;12:35;13:05;13:35;14:05;14:35;15:05;15:35;16:05;16:35;17:05;17:35;18:05;
36;Väliasemalta Keskustori H (12) suuntaan Multisilta;la;
36;Väliasemalta Keskustori H (12) suuntaan Multisilta;su;
37;Päätepysäkiltä Leinola (4567);ma-pe;6:30;7:00;7:30;8:00;8:30;9:00;9:30;10:00;10:30;11:00;11:30;12:00;12:30;13:00;13:38;13:58;14:18;14:38;14:58;15:18;15:38;15:58;16:18;16:38;16:58;17:18;17:38;17:58;
37;Päätepysäkiltä Leinola (4567);la;
37;Päätepysäkiltä Leinola (4567);su;
37;Päätepysäkiltä Keskustori O (7);ma-pe;7:00;7:30;8:00;8:30;9:00;9:30;10:00;10:30;11:00;11:30;12:00;12:30;13:00;13:20;13:40;14:00;14:20;14:40;15:00;15:20;15:40;16:00;16:20;16:40;17:00;17:20;17:40;18:00;
37;Päätepysäkiltä Keskustori O (7);la;
37;Päätepysäkiltä Keskustori O (7);su;
38;Päätepysäkiltä Atala (5264);ma-pe;6:30;7:00;7:30;8:00;8:30;9:00;9:30;10:30;11:30;12:30;13:30;14:30;15:00;15:30;16:00;16:30;17:00;17:30;
38;Päätepysäkiltä Atala (5264);la;
38;Päätepysäkiltä Atala (5264);su;
38;Päätepysäkiltä Hermia (3633);ma-pe;7:30;8:00;8:30;9:00;10:00;11:00;12:00;13:00;14:00;14:30;15:00;15:30;16:00;16:30;17:00;17:30;18:00;
38;Päätepysäkiltä Hermia (3633);la;
38;Päätepysäkiltä Hermia (3633);su;
39;Päätepysäkiltä Länsi-Hervanta (3598);ma-pe;7:15;8:15;9:15;
39;Päätepysäkiltä Länsi-Hervanta (3598);la;
39;Päätepysäkiltä Länsi-Hervanta (3598);su;
39;Väliasemalta Keskustori C (35) suuntaan Pyynikintori;ma-pe;7:44;8:44;9:44;
39;Väliasemalta Keskustori C (35) suuntaan Pyynikintori;la;
39;Väliasemalta Keskustori C (35) suuntaan Pyynikintori;su;
90;Päätepysäkiltä Terälahti (5373);ma-pe;5:40;6:44;7:34;8:34;9:37;10:47;11:47;12:44;13:44;14:53;15:47;16:44;17:47;18:47;20:05;21:05;22:05;
90;Päätepysäkiltä Terälahti (5373);la;7:49;8:58;10:47;13:47;14:56;16:47;17:35;19:46;22:05;
90;Päätepysäkiltä Terälahti (5373);su;8:58;10:47;13:47;14:56;16:47;17:35;19:46;
90;Väliasemalta Kämmenniemi (5339) suuntaan Pyynikintori;ma-pe;5:50;7:00;7:00;7:55;8:55;9:55;11:05;12:05;13:05;14:05;15:05;16:05;17:05;18:05;19:05;20:15;21:15;22:15;
90;Väliasemalta Kämmenniemi (5339) suuntaan Pyynikintori;la;8:05;9:17;11:05;12:17;14:05;15:17;17:05;17:47;20:05;22:15;
90;Väliasemalta Kämmenniemi (5339) suuntaan Pyynikintori;su;9:17;11:05;12:17;14:05;15:17;17:05;17:47;20:05;
90;Väliasemalta Keskustori C (35) suuntaan Pyynikintori;ma-pe;6:32;7:41;7:41;8:36;9:46;10:46;11:51;12:51;13:51;14:51;15:51;16:51;17:51;18:51;19:47;20:57;21:57;22:57;
90;Väliasemalta Keskustori C (35) suuntaan Pyynikintori;la;8:47;11:51;14:51;17:47;20:47;22:57;
90;Väliasemalta Keskustori C (35) suuntaan Pyynikintori;su;11:47;14:47;17:47;20:47;
90;Päätepysäkiltä Pyynikintori (31);ma-pe;6:05;7:05;8:05;9:05;10:05;11:05;12:05;13:05;14:05;15:05;16:05;17:05;18:05;19:05;20:05;21:05;22:05;23:05;
90;Päätepysäkiltä Pyynikintori (31);la;9:05;12:05;15:05;18:05;21:05;23:05;
90;Päätepysäkiltä Pyynikintori (31);su;9:05;12:05;15:05;18:05;21:05;
90;Väliasemalta Keskustori G (11) suuntaan Mäntylä;ma-pe;6:10;7:10;8:10;9:10;10:10;11:10;12:10;13:10;14:10;15:10;16:10;17:10;18:10;19:10;20:10;21:10;22:10;23:10;
90;Väliasemalta Keskustori G (11) suuntaan Mäntylä;la;9:10;12:10;15:10;18:10;21:10;23:10;
90;Väliasemalta Keskustori G (11) suuntaan Mäntylä;su;9:10;12:10;15:10;18:10;21:10;
90;Väliasemalta Kämmenniemi (5338) suuntaan Mäntylä;ma-pe;7:54;8:54;9:54;10:54;11:54;13:05;14:05;15:05;15:50;16:50;17:54;18:54;19:49;20:49;21:49;22:49;23:49;
90;Väliasemalta Kämmenniemi (5338) suuntaan Mäntylä;la;9:54;12:54;14:13;15:54;17:13;18:49;21:49;23:49;
90;Väliasemalta Kämmenniemi (5338) suuntaan Mäntylä;su;9:51;12:51;14:13;15:51;17:13;18:49;21:49;
90;Väliasemalta Terälahti (5374) suuntaan Mäntylä;ma-pe;8:15;9:11;11:06;14:26;15:26;16:07;17:07;18:15;19:11;23:04;0:04;
90;Väliasemalta Terälahti (5374) suuntaan Mäntylä;la;10:11;13:11;16:11;19:08;0:04;
90;Väliasemalta Terälahti (5374) suuntaan Mäntylä;su;10:08;13:08;16:08;19:08;
91;Päätepysäkiltä Aitoniemi (5425);ma-pe;5:50;7:00;8:05;9:00;12:05;13:05;13:58;14:54;16:13;16:58;17:58;18:58;
91;Päätepysäkiltä Aitoniemi (5425);la;11:05;13:20;18:50;
91;Päätepysäkiltä Aitoniemi (5425);su;11:05;13:20;18:50;
91;Väliasemalta Sorilan koulu (5401) suuntaan Sorila;ma-pe;6:01;7:11;8:16;9:11;12:16;13:16;14:16;15:41;16:31;17:16;18:16;19:16;
91;Väliasemalta Sorilan koulu (5401) suuntaan Sorila;la;11:16;13:31;19:01;
91;Väliasemalta Sorilan koulu (5401) suuntaan Sorila;su;11:16;13:31;19:01;
91;Päätepysäkiltä Sorila (5218);ma-pe;6:39;7:42;8:42;11:42;12:42;13:42;14:42;15:46;16:42;17:42;18:42;
91;Päätepysäkiltä Sorila (5218);la;10:40;12:58;18:28;
91;Päätepysäkiltä Sorila (5218);su;10:40;12:58;18:28;
91;Väliasemalta Sorilan koulu (5400) suuntaan Aitoniemi;ma-pe;6:39;7:42;8:42;11:42;12:42;13:42;14:42;15:46;16:42;17:42;18:42;
91;Väliasemalta Sorilan koulu (5400) suuntaan Aitoniemi;la;10:40;12:58;18:28;
91;Väliasemalta Sorilan koulu (5400) suuntaan Aitoniemi;su;10:40;12:58;18:28;
92A;Päätepysäkiltä Kämmenniemi (5339);ma-pe;13:05;14:05;15:05;
92A;Päätepysäkiltä Kämmenniemi (5339);la;
92A;Päätepysäkiltä Kämmenniemi (5339);su;
92A;Väliasemalta Viitapohja (5524) suuntaan Kämmenniemi;ma-pe;13:25;14:25;15:25;
92A;Väliasemalta Viitapohja (5524) suuntaan Kämmenniemi;la;
92A;Väliasemalta Viitapohja (5524) suuntaan Kämmenniemi;su;
92B;Päätepysäkiltä Sorila (5218);ma-pe;6:15;7:15;8:15;14:30;16:39;
92B;Päätepysäkiltä Sorila (5218);la;9:44;15:44;
92B;Päätepysäkiltä Sorila (5218);su;9:44;15:44;
92B;Väliasemalta Viitapohja (5524) suuntaan Sorila;ma-pe;6:33;7:33;8:33;16:57;
92B;Väliasemalta Viitapohja (5524) suuntaan Sorila;la;10:02;16:02;
92B;Väliasemalta Viitapohja (5524) suuntaan Sorila;su;10:02;16:02;
